Country,Continent,Bothsexes16,Male16,Female16,Bothsexes15,Male15,Female15,Bothsexes14,Male14,Female14,Bothsexes13,Male13,Female13,Bothsexes12,Male12,Female12,Bothsexes11,Male11,Female11,Bothsexes10,Male10,Female10,Bothsexes09,Male09,Female09,Bothsexes08,Male08,Female08,Bothsexes07,Male07,Female07,Bothsexes06,Male06,Female06,Bothsexes05,Male05,Female05,Bothsexes04,Male04,Female04,Bothsexes03,Male03,Female03,Bothsexes02,Male02,Female02,Bothsexes01,Male01,Female01,Bothsexes00,Male00,Female00,2015,2015capita,2014,2014capita,2013,2013capita,2012,2012capita,2011,2011capita,2010,2010capita,2009,2009capita,2008,2008capita,2007,2007capita,2006,2006capita,2005,2005capita,2004,2004capita,2003,2003capita,2002,2002capita,2001,2001capita,2000,2000capita
Afghanistan,Asia,62.7,61,64.5,63.2,61.8,64.7,63,61.7,64.4,62.7,61.5,64.1,62.2,60.9,63.6,61.7,60.5,63.1,61.2,59.9,62.5,60.7,59.5,62.1,60.2,59,61.6,59.6,58.4,61,59.2,58,60.5,58.9,57.8,60.1,58.4,57.4,59.6,58,56.9,59.1,57.4,56.5,58.5,56.5,55.3,57.9,55.9,54.6,57.3,10.3,183.9,9.7,176.9,8.8,164.2,7.9,144,8.6,138.8,8.6,132.3,9.8,143.8,10.3,127.6,9.9,104.7,10.6,111.3,9.9,98.6,9.8,87.7,8.9,80.9,9.4,79.8,0,0,0,0
Albania,Europe,76.4,74.3,78.6,76.1,74.2,78.2,76.1,74,78.5,75.7,73.6,78.1,75.2,73,77.7,75.1,72.6,78.2,74.7,72.5,77,74.4,72.3,76.7,74.2,72.1,76.5,74.1,71.9,76.4,73.9,71.8,76.2,73.5,71.6,75.6,73.3,71,75.8,72.9,70.8,75.2,73.5,71.4,75.9,74,71.6,76.7,73.1,70.4,76,6.8,773.7,7,779.3,6.3,665.7,5.9,612.8,5.6,570.9,5,481.1,5.1,444.9,5.6,452.6,6.1,437.8,5.9,381.5,6.3,363.8,6.6,347.8,6.4,310,6.4,293.4,6.5,275.3,6.8,258.1
Algeria,Africa,76.4,75.4,77.4,76.2,75.3,77.2,76.1,75.1,77.1,75.9,75,76.9,75.8,74.8,76.8,75.6,74.6,76.6,75.4,74.4,76.4,75.1,74.1,76.1,74.8,73.8,75.8,74.4,73.4,75.5,74,72.9,75,73.4,72.3,74.6,72.8,71.6,74,72,70.7,73.3,71.7,70.4,73,71.2,69.9,72.5,70.8,69.4,72.2,7.1,1031.2,6.5,929.1,6,828,6,804.4,5.3,684.3,5.1,645.3,5.4,656.1,4.2,511,3.8,452.6,3.4,380.2,3.2,354.9,3.5,360.7,3.6,346.4,3.7,332.4,3.8,323,3.5,282.4
Angola,Africa,62.6,60.3,64.9,62.2,59.9,64.5,61.7,59.4,64,61,58.8,63.3,60.4,58.1,62.6,59.5,57.2,61.8,58.4,56.1,60.7,57.3,55,59.6,56.1,53.9,58.4,55,52.8,57.2,53.8,51.7,56,52.7,50.6,54.8,51.5,49.4,53.7,50.5,48.4,52.6,49.4,47.3,51.5,48.2,46,50.4,47.3,45.2,49.5,2.9,195.5,2.8,184.6,3,191.6,2.7,162.8,2.8,168.1,2.7,158.3,3.6,205,3.5,201,3.2,164.9,3.6,152.1,4,139.8,5,149.5,4.7,127.8,4.2,111.2,5.2,149,2.5,69.6
Antigua and Barbuda,North America,75,72.5,77.5,75,72.5,77.4,74.6,72.1,77.1,74.8,72.5,77,74.8,72.5,77,75,72.6,77.2,74.7,72.4,76.9,74.5,72.1,76.7,74,71.6,76.3,73.8,71.3,76.2,73.5,71.3,75.6,73.4,71.4,75.3,73.3,71.5,75.1,73.3,71.4,75.2,73.4,71.1,75.7,73,70.3,75.5,72.5,69.7,75.1,4.8,1105.1,5.7,1205.4,5.4,1031.7,5.1,990.2,5.7,1065.9,5.5,1041.5,4.7,957.8,4.6,1059.6,4.2,957.8,4.3,883.1,4.4,773.2,4.2,679.3,4.5,685.7,4.4,623.4,4.5,622.8,4.1,578
Argentina,South America,76.9,73.5,80.3,76.8,73.3,80.1,76.7,73.2,80,76.3,72.8,79.7,76.2,72.7,79.7,76,72.5,79.3,75.7,72.3,79,75.8,72.3,79.2,75.7,72,79.2,75,71.5,78.5,75.4,71.9,78.9,75.1,71.6,78.6,74.9,71.4,78.3,74.2,70.6,77.9,74.2,70.4,78,74,70.3,77.7,74,70.2,77.7,6.8,1389.8,6.4,1268.3,6.4,1287.7,6.3,1225.5,6.3,1244.5,6.8,1238,7,1162.7,6.3,1109.7,6.4,1082.2,6.4,976.8,6.4,880.5,5.9,727.3,5.9,722.8,4.7,523.2,5.2,641.4,5,644
Armenia,Asia,74.8,71.2,78.1,74.6,70.9,77.9,74.5,70.9,77.7,74.5,71,77.6,74,70.4,77.3,73.6,69.8,77.1,73.3,69.5,76.7,73,69.4,76.4,73,69.3,76.4,73.2,69.7,76.5,72.6,69.1,75.9,72.7,69.2,75.9,72.6,69.3,75.7,72.3,69,75.3,72.1,68.9,75.1,72.2,68.9,75.2,71.7,68.5,74.6,10.1,883.2,7,591.3,8.3,661.4,6.7,513.4,3.8,265.2,5.3,345.7,4.7,296.5,4.3,315.6,5.4,359.7,5.6,313.4,7,335.5,8.2,331.7,5.6,198.2,5.7,171.9,6.5,170.8,6.5,150.8
Australia,Oceania,82.9,81,84.8,82.6,80.6,84.5,82.7,80.7,84.6,82.8,80.8,84.8,82.5,80.6,84.5,82.2,80.1,84.3,82,79.9,84.2,81.9,79.7,84.1,81.5,79.3,83.7,81.5,79.3,83.7,81.4,79.2,83.7,81,78.6,83.3,80.8,78.4,83.2,80.6,78.1,83,80.2,77.7,82.6,80.1,77.5,82.6,79.6,77,82.3,9.4,4491.6,9.1,4287.2,8.8,4179.7,8.7,3792.1,8.6,3770.4,8.5,3593.1,8.6,3556.5,8.3,3295.6,8.1,3178.2,8,3005.2,8,2833.3,8.1,2743.6,7.9,2549.2,7.9,2429,7.7,2272.1,7.6,2152.6
Austria,Europe,81.9,79.4,84.2,81.4,78.9,83.8,81.7,79.2,84,81.3,78.8,83.8,81,78.5,83.5,81,78.3,83.5,80.6,77.8,83.3,80.4,77.6,83,80.6,77.8,83.1,80.3,77.5,83,80.1,77.2,82.7,79.6,76.7,82.3,79.6,76.6,82.3,79.1,76.2,81.8,79,76,81.8,78.9,75.9,81.7,78.4,75.3,81.2,10.3,5138.2,10.3,5025.4,10.2,4881,10.1,4696,9.9,4392.2,10.1,4243.9,10.1,4132.4,9.6,3962.4,9.5,3716.3,9.5,3557.7,9.6,3351.8,9.6,3257.8,9.6,3073.3,9.4,2935.8,9.3,2768,9.2,2705.1
Azerbaijan,Asia,73.1,70.3,75.7,72.9,70.2,75.5,72.6,69.9,75.3,72.3,69.7,74.9,71.9,69.3,74.5,71.6,68.9,74.3,71.1,68.6,73.5,70.9,68.3,73.3,70.4,67.7,73,70.4,67.9,72.8,69.4,66.7,72,68.7,66,71.3,68.7,66.1,71.2,68.1,65.6,70.5,68,65.5,70.4,67.5,65,69.9,66.5,63.8,69,6.7,1191.3,5.7,998.8,5.4,930.7,5.1,839.8,4.8,756.9,4.9,768.7,5.4,805.6,4,548.6,4.7,578.8,5.8,555.7,7.4,521.4,7.3,400.8,6,291.8,3.7,161.4,3.7,144.1,3.8,134.3
Bahamas,North America,75.7,72.6,78.6,75.6,72.4,78.5,75.2,72.1,78.1,75.2,72.1,78.1,75.2,72.2,78.1,75.3,72.3,78.1,75.2,71.9,78.2,74.7,71.3,77.9,74.5,71.2,77.7,74.2,70.9,77.4,73.9,70.7,76.9,73.6,70.4,76.7,73.1,69.9,76.3,72.4,69.1,75.5,72.1,68.9,75.3,72,68.8,75.2,72,68.8,75.1,7.4,1699.1,7.3,1704.1,7.4,1732.3,7.6,1790.1,7.6,1733,7.4,1670.4,7.5,1657.2,7.3,1701.9,7,1667.9,6.8,1590.3,5.9,1325.8,5.9,1270.8,5.5,1174.3,5.2,1130.4,5.1,1073.4,5.1,1045.8
Bahrain,Asia,79.1,78.6,79.6,78.8,78.3,79.4,78.3,77.7,79.1,78.3,77.9,78.9,77.7,77.3,78.2,77.2,76.5,77.9,77.2,76.5,77.8,76.9,76.2,77.8,76.2,75.4,77.3,75.9,74.9,77.4,75,74.3,75.9,74.7,74.1,75.6,74.1,73.7,74.7,73.9,73.2,74.8,73.7,72.5,75.4,73.7,72.6,75.1,73.2,72.5,74.1,5.2,2453.2,4.6,2164.6,4.3,1902.2,4.2,1714.6,3.1,1239.2,3.3,1306.4,3.5,1359.9,2.9,1156.4,2.9,1160.5,2.9,1128.4,3,1140.8,3.2,1184.3,3.6,1292.5,3.7,1324.1,3.7,1306.7,3.4,1219.5
Bangladesh,Asia,72.7,71.1,74.4,72.2,70.7,74,71.8,70.3,73.5,71.4,69.9,73.1,70.9,69.6,72.6,70.5,69.2,71.9,69.9,68.9,71.1,69.4,68.5,70.4,69,68.2,69.8,68.5,67.7,69.3,68.2,67.5,68.9,67.8,67.2,68.5,67.4,66.8,68,67,66.5,67.5,66.6,66.1,67,66,65.7,66.4,65.5,65.2,65.7,2.6,88,2.7,83.2,2.7,77.9,2.7,75.8,2.8,71,2.7,64.2,2.6,58,2.5,53.8,2.6,51.8,2.5,46.3,2.8,41.8,2.7,37.4,2.7,34.5,2.6,32.4,2.4,28.6,2.4,27.6
Barbados,North America,75.6,73.1,78,75.5,72.9,77.9,75.3,72.8,77.7,75.2,72.7,77.6,74.8,72.1,77.4,74.9,72.4,77.3,74.7,72.2,77.1,74.6,72.1,76.9,74.4,72,76.8,74.4,72,76.6,74.3,72,76.6,74.2,71.9,76.4,74.1,71.7,76.3,73.8,71.3,76.1,73.6,71.1,75.9,73.5,71.1,75.8,73.4,71,75.6,7.5,1233.6,7.7,1239.2,8.2,1293.9,8.3,1304.9,7.4,1140.4,6.9,1042.3,7,1038.8,6.8,1047,6.2,946.9,6.2,906.8,6.3,846.4,6.6,834.2,6.6,794.6,5.8,669.1,5.4,617.6,5.2,598.4
Belarus,Europe,74.2,68.8,79.2,73.8,68.6,78.8,73.3,67.9,78.5,72.7,67.3,77.9,72.2,66.6,77.6,70.5,64.6,76.6,70.2,64.4,76.2,70.2,64.5,76,70.1,64.3,76,69.9,64.2,75.7,69,63.2,75,68.3,62.5,74.5,68.4,62.7,74.4,67.9,62.2,74.1,67.4,61.8,73.5,67.9,62.3,73.9,68.3,62.8,74,6.1,1084.6,5.4,995.2,5.8,1017,5.3,915.4,4.7,774,5.3,809.7,5.5,774.4,5.5,763.4,5.9,728.3,5.8,637.1,6.3,609.1,5.9,506.8,6,442.4,5.8,392.2,5.9,370.6,5.5,318.7
Belgium,Europe,81.2,78.8,83.5,80.9,78.6,83.2,81.2,78.7,83.6,80.6,78.1,83.1,80.4,77.8,82.9,80.5,77.9,83,80.2,77.5,82.7,80.1,77.4,82.6,79.9,77.1,82.6,79.8,77.1,82.4,79.7,76.9,82.4,79.2,76.4,81.9,79.2,76.2,82,78.6,75.7,81.4,78.4,75.4,81.4,78.3,75.2,81.3,77.9,74.8,81,10.5,4782.4,10.4,4660.7,10.4,4508.8,10.2,4313.8,10.1,4158.2,9.9,3980,10.1,3831.7,9.3,3561.5,8.9,3298.6,8.9,3158.5,9,3007.6,9.1,2938.5,9.1,2822.9,8.3,2518.9,8.1,2352.5,7.9,2221.1
Belize,North America,70.5,67.9,73.4,70.3,67.7,73.2,70.1,67.6,72.9,70,67.5,72.8,69.9,67.4,72.8,69.9,67.4,72.7,69.8,67.4,72.7,69.8,67.4,72.6,69.8,67.4,72.5,69.8,67.5,72.5,69.7,67.2,72.4,69.4,66.8,72.2,69.1,66.5,72.1,68.9,66.2,72,68.8,66.1,71.9,68.5,65.9,71.5,68.7,66.1,71.6,6.2,523.7,5.8,487.9,5.8,471.5,5.4,442.2,5.6,441.7,5.8,448.8,5.8,436,5,385.4,4.9,366.3,4.5,327.9,4.4,311.3,4.3,294.7,4.5,290.9,4.3,259.5,4.5,258.5,3.9,217.6
Benin,Africa,61.1,59.7,62.4,60.7,59.3,62,60.4,59,61.7,60.2,58.8,61.5,59.9,58.5,61.2,59.6,58.2,60.9,59.3,57.9,60.6,58.9,57.5,60.3,58.2,56.8,59.5,57.8,56.4,59.1,57.4,56,58.7,57.1,55.7,58.4,56.7,55.3,58,56.4,54.9,57.7,56.1,54.6,57.5,55.8,54.3,57.3,55.6,54,57.1,4,84.5,3.6,76.8,3.9,78.2,4.7,88.2,4.2,77.3,4.1,73.3,3.9,68.5,3.7,65.4,4,67.4,4.1,65.6,4,62.2,4.2,63.9,4.2,60.7,4.2,59.5,4.5,61.9,4.3,56.4
Bhutan,Asia,70.6,70.4,70.8,70.2,70,70.3,69.9,69.7,70,69.5,69.4,69.6,69.2,69.1,69.3,68.9,68.8,68.9,68.4,68.3,68.5,67.9,67.8,68,67.4,67.3,67.6,66.9,66.7,67,66.2,66,66.3,65.4,65.3,65.6,64.6,64.4,64.8,64,63.9,64.1,63.3,63.2,63.4,62.7,62.6,62.8,61.1,60.9,61.3,3.5,287.1,3.2,245.7,3.3,244.6,3.2,227.8,3,205,3.2,200,3.5,184.2,3.2,160.6,3.3,162.4,3.1,142.7,3.5,135.3,3.6,138.7,3.4,129.5,3.7,120.9,3.8,121.7,4.2,116.2
Bolivia (Plurinational State of),South America,71.5,69.1,74,71.2,68.8,73.7,70.9,68.6,73.4,70.6,68.3,73,70.3,68,72.6,69.8,67.6,72.1,69.2,67.1,71.5,68.6,66.5,70.9,68,65.9,70.2,67.3,65.3,69.5,66.8,64.8,68.9,66.2,64.2,68.3,65.7,63.7,67.7,65.1,63.2,67.1,64.5,62.7,66.5,64,62.2,65.8,63.3,61.6,65.2,6.4,445.8,5.8,384.9,5.5,348.2,5.1,302.4,5.1,283.5,5.1,270,5.1,259.6,4.5,225.9,4.6,216.3,4.6,203.5,5,207.5,4.8,189.4,5.1,192.6,4.8,175,4.7,168.9,4.3,151.2
Bosnia and Herzegovina,Europe,77.3,74.8,79.8,77.1,74.5,79.6,76.8,74.1,79.3,76.7,74.1,79.3,76.7,74,79.2,76.6,73.9,79.1,76.1,73.5,78.6,75.9,73.3,78.4,75.8,73,78.5,75.1,72.3,77.7,75.3,72.5,77.9,74.5,71.6,77.3,75.1,72.4,77.5,74.9,72,77.6,75.2,72.4,77.8,74.7,71.6,77.7,74.3,71.3,77.1,9.4,1101.8,9.6,1072,9.5,1026.6,9.5,966.4,9.2,908.8,9,842.5,9,814.6,9.7,858.9,9.5,756.7,9.2,657,9.1,570.2,9.1,539.2,8,435.7,7,361.5,7.2,342.4,7.1,325.1
Botswana,Africa,66.1,63.6,68.4,65.3,62.6,67.9,64.5,61.5,67.4,63.6,60.5,66.7,62.9,60.1,65.5,61.9,59.3,64.4,61.2,58.6,63.8,60,57.9,61.9,58.1,56.4,59.7,56.9,55.2,58.5,54.9,53.3,56.4,52.2,50.7,53.6,49.2,47.9,50.4,47.8,46.6,48.9,47.6,46.3,48.7,48.1,46.7,49.5,49.1,47.5,50.7,6,970,5.3,890.4,5.4,864.2,6.4,923.7,6.3,856.5,5.6,784.3,6.7,816.1,5.7,756.1,5.3,652.1,5,567.8,5.3,542.8,6.2,603.9,5.8,538.8,4.7,419.8,6.6,548.9,5.8,480.1
Brazil,South America,75.1,71.4,78.9,74.9,71.2,78.6,74.7,71,78.5,74.3,70.7,78.1,74,70.4,77.8,73.6,69.9,77.3,73.3,69.7,77.1,73.2,69.5,77,73,69.3,76.8,72.8,69.1,76.6,72.4,68.7,76.2,72.1,68.4,76,71.4,67.6,75.3,71.1,67.3,75.1,70.7,66.9,74.7,70.4,66.5,74.4,69.9,66.1,73.9,8.9,1391.5,8.4,1365.3,8,1275.6,7.8,1203.5,7.8,1170.5,8,1135.9,8.4,1112.4,8,1063.9,8.2,1026.5,8.3,958.5,8,880.7,8.2,849.9,8.2,795.1,8.7,827.9,8.6,789.8,8.4,754.6
Brunei Darussalam,Asia,76.4,75.3,77.6,76.2,75.1,77.3,76.4,75.2,77.7,76.7,75.3,78.1,76.8,75.4,78.3,76.7,75.4,78.1,76.5,75.2,77.8,76.4,75.1,77.7,76.3,74.9,77.8,76.1,74.6,77.7,76,74.5,77.6,75.8,74.5,77.3,75.6,74.4,77,75.2,73.9,76.5,74.6,73.3,76,74.1,72.8,75.5,73.7,72.3,75.1,2.6,2083.4,2.2,1732.7,2.1,1735.8,1.9,1545.5,1.9,1536.8,2.3,1798.1,2.4,2040.9,1.9,1635.6,1.9,1712.7,1.9,1656.8,2.2,1828.5,2.5,2047.5,2.6,2057.1,2.5,1944.8,2.5,1889.6,2.5,1836
Bulgaria,Europe,74.8,71.4,78.4,74.7,71.2,78.3,74.4,71,78,74.8,71.2,78.5,74.3,70.9,77.8,74.1,70.7,77.7,73.8,70.4,77.3,73.7,70.2,77.4,73.3,69.8,77,73,69.6,76.6,72.7,69.2,76.4,72.5,69.1,76.2,72.7,69.2,76.3,72.4,69,76.1,72.2,68.9,75.7,71.9,68.5,75.5,71.5,68.2,75,8.2,1491.9,8.5,1477.1,7.8,1303.1,7.6,1226.9,7.1,1116.6,7.1,1059.5,6.6,933.7,6.3,898.3,6.2,785.3,6.6,741.3,6.9,706.4,6.9,631.6,7.3,602.9,7.1,549.1,6.9,470.4,5.9,373.2
Burkina Faso,Africa,60.3,59.6,60.9,59.8,59.1,60.4,59.3,58.6,59.9,58.9,58.1,59.4,58.4,57.7,59,57.7,57.1,58.3,57,56.4,57.6,56.3,55.7,56.9,55.5,54.9,56.1,54.8,54.1,55.3,53.9,53.2,54.4,52.9,52.2,53.5,52.1,51.4,52.7,51.4,50.7,52,50.9,50.1,51.6,50.5,49.6,51.2,50.1,49.1,50.9,5.4,96.1,5.6,94.2,6.1,99.4,4.9,75.8,5.2,76.6,5.9,82.2,5.7,74.8,5.2,68.2,5.9,73.3,5.1,60.6,4.4,50.1,4.7,49.1,3.5,35.1,3.3,31.1,3.2,29.6,3.3,28.3
Burundi,Africa,60.1,58.5,61.8,59.7,58,61.4,59.3,57.7,61,59.1,57.5,60.6,58.7,57.2,60.1,58.1,56.8,59.5,57.6,56.3,58.8,56.9,55.8,58.1,56.2,55,57.3,55.6,54.5,56.6,54.9,53.7,56,54.1,52.9,55.4,53.4,52.1,54.7,52.7,51.2,54.2,52.3,50.7,53.9,52,50.4,53.6,51.4,49.6,53.3,8.2,63.7,6.8,54.6,8.2,63.8,8.6,64.6,10.4,76.3,11.3,84.6,10.5,79.1,9.4,68.5,10.2,71.7,10.3,70,9.4,60.9,7.2,46.3,6.2,38,6.4,40.4,6.5,39.4,6.8,40.4
CÃ´te d'Ivoire,Africa,54.6,53.6,55.7,53.9,53,55,53.4,52.5,54.5,53.1,52.2,54.2,52.9,52,53.9,52.9,51.9,54,52.5,51.6,53.5,52.1,51.3,53.1,51.9,51,53,51.2,50.4,52.3,50.7,49.8,51.8,50.1,49.1,51.1,49.4,48.5,50.4,49.1,48.2,50.2,49,48,50.2,49.2,48.2,50.2,49.2,48.3,50.2,5.4,189.6,5.2,167.3,5.1,151.2,6,164.7,5.9,151.9,6.1,162,6.2,162.6,6.1,157.2,6.3,156.9,5.8,142.3,5.4,127.8,5.2,120.8,4.6,105.4,4.5,102.8,4.9,113.7,5.7,132.5
Cabo Verde,Africa,73.2,71.1,75,73,71,74.7,72.7,70.7,74.5,72.5,70.5,74.2,72.3,70.3,74,72,70.2,73.7,71.8,70,73.5,71.7,69.8,73.3,71.5,69.7,73,71.2,69.4,72.8,71,69.2,72.6,70.7,69,72.2,70.6,68.8,72,70.4,68.7,71.9,70.2,68.5,71.6,69.9,68.2,71.3,69.4,67.7,70.8,4.8,310.4,5,313.3,4.4,271.8,4.6,282.5,4.3,258,4.5,255.6,3.9,218.2,3.6,204.6,4.2,222.4,5,227.7,4.8,198.2,4.8,184.1,4.9,168.2,5.2,170.1,5.2,161.9,4.8,147.3
Cambodia,Asia,69.4,67.3,71.2,69,67,70.8,68.7,66.7,70.5,68.3,66.4,70.1,68,66.1,69.8,67.6,65.6,69.4,67.1,65,69,66.5,64.2,68.5,65.8,63.4,68,65,62.6,67.3,64,61.5,66.3,62.8,60.3,65.2,61.7,59.1,64.1,60.6,58.1,63,59.6,57.1,62,58.6,56.1,61,57.7,55.3,60.1,6,209.6,6.2,203.3,6.9,209.2,7.3,207.7,7.5,199.5,6.9,171.3,7.6,177.5,6.6,155.5,4.9,107.7,5.9,117,7.1,123.7,7.8,119.4,7.7,105.8,6.7,84.4,6.6,77.6,6.4,69.8
Cameroon,Africa,58.1,56.7,59.4,57.2,55.7,58.8,56.8,55.2,58.4,56.7,55,58.4,56.3,55,57.5,55.8,54.6,57,55.4,54.2,56.5,54.9,53.8,56,54.3,53.2,55.3,53.6,52.5,54.6,53.1,52.1,54.1,52.3,51.4,53.3,51.5,50.5,52.4,50.9,50,51.8,50.4,49.5,51.3,49.9,48.9,50.8,49.4,48.4,50.3,5.1,162.8,4.9,151.2,4.9,143.5,5,139.3,3.8,100.9,5,129.7,4.8,123.2,5,127.5,4.6,114.2,4.4,107.5,4.5,105.2,4.5,102.2,4.7,103.8,4.6,98.6,4.5,93.2,4.3,85.9
Canada,North America,82.8,80.9,84.7,82.6,80.6,84.5,82.4,80.4,84.3,82.1,80,84.1,82,79.9,84,81.8,79.8,83.8,81.6,79.4,83.6,81.3,79.1,83.4,81,78.7,83.2,80.8,78.5,83,80.7,78.4,83,80.3,77.9,82.6,80.2,77.8,82.5,79.9,77.4,82.3,79.7,77.3,82.1,79.6,77,82.1,79.3,76.7,81.8,10.4,4600.1,10,4499,10.1,4453.4,10.2,4290,10.2,4223.8,10.6,4207.7,10.6,4082.3,9.5,3794.2,9.3,3652.7,9.2,3491.7,9.1,3277.9,9.1,3075.1,9,2915.1,8.9,2745.8,8.7,2607.8,8.3,2417.9
Central African Republic,Africa,53,51.7,54.4,52.6,51.6,53.5,51.3,50.3,52.2,50,48.6,51.3,50.7,50,51.4,50.2,49.4,51,49.6,48.7,50.4,48.9,47.8,49.9,47.8,46.9,48.8,47,46.2,47.8,46.3,45.6,47.1,45.8,45.2,46.5,45.5,44.9,46.1,45.3,44.7,45.9,45.1,44.4,45.8,45.1,44.3,45.8,45.4,44.6,46.1,4.8,31.9,4.7,29.8,4.4,27.2,3.6,35.2,3.8,34.8,3.8,33.1,4.4,36.8,4.4,36.4,4.9,39.9,4.2,32.6,4.5,32.6,3.9,27.5,4.2,27.7,3.4,24.1,3.3,22.3,3.5,22.8
Chad,Africa,54.3,53.1,55.4,53.7,52.5,54.9,53.1,51.9,54.3,53,52,54.1,52.7,51.7,53.7,52.3,51.4,53.3,51.9,51,52.8,51.4,50.5,52.2,50.4,49.4,51.3,50.2,49.4,51,49.2,48.2,50.3,49.3,48.5,50.1,49.1,48.2,49.9,48.8,48,49.7,48.5,47.6,49.5,48.4,47.4,49.3,47.9,46.7,49.1,4.6,99.8,4.6,100,4.8,99.9,3.6,71.7,3.9,73,4.1,76.8,4.5,75.6,4.1,68,4.4,71.6,4.9,78.1,4.9,77.6,6.2,85.1,6.2,64.4,8.2,75.5,6,51.9,6.2,48.6
Chile,South America,79.5,76.5,82.4,79.4,76.4,82.3,79.3,76.3,82.2,79.2,76.1,82.1,79,76.1,81.8,79,75.9,82,78.3,75.2,81.3,78.7,75.4,81.8,79,75.8,82,78.3,75.2,81.3,78.4,75.3,81.4,78,74.8,81.1,77.7,74.5,80.8,77.7,74.4,80.8,77.6,74.3,80.9,77.1,73.8,80.3,77.1,73.8,80.3,8.1,1903.1,7.6,1774.1,7.4,1677.7,7,1517.9,6.8,1384,6.8,1243.7,7.2,1172.8,6.7,1107,6.2,1041.3,6,942.2,6.6,841.7,6.9,812.8,7.3,789.9,7.3,748.3,7.2,715.2,7,676
China,Asia,76.4,75,77.9,76.2,74.8,77.7,76,74.6,77.5,75.8,74.4,77.3,75.6,74.2,77.1,75.4,74.1,76.9,75.2,73.8,76.7,75.1,73.7,76.6,74.7,73.3,76.2,74.7,73.3,76.2,74.4,73.1,75.9,74.2,72.8,75.6,73.9,72.6,75.3,73.5,72.3,74.9,73.2,71.9,74.6,72.7,71.4,74.2,72.1,70.7,73.7,5.3,762.2,5,658,4.9,592.5,4.8,535,4.6,468.4,4.5,407,4.6,380.5,4.3,320.6,4,271.9,4.2,243.4,4.3,217.8,4.4,194.8,4.6,179.4,4.5,159.9,4.4,138.9,4.5,130
Colombia,South America,75.1,71.5,78.8,74.9,71.3,78.6,74.7,71.1,78.4,74.4,70.9,78.1,74.3,70.8,78,74.2,70.6,78,73.5,69.9,77.3,73.5,69.8,77.4,73.4,69.9,77,73.4,69.9,77,73,69.4,76.7,72.9,69.3,76.6,72.5,68.7,76.4,72.1,68.3,76,71.4,67.2,75.9,71.2,67,75.6,71.1,66.9,75.6,6.2,852.8,6.4,856,6,765.4,6.1,735.9,5.9,683.1,6.1,656.2,6.4,655.9,6,611,5.7,557.2,5.7,513.6,5.5,451.3,5.1,394.8,5.6,404.1,5.3,368.3,5.6,375.2,5.5,360.5
Comoros,Africa,63.9,62.3,65.5,63.6,62,65.2,63.3,61.7,64.9,63,61.4,64.5,62.6,61.1,64.2,62.3,60.7,63.8,61.8,60.3,63.4,61.4,59.9,63,61,59.5,62.6,60.7,59.2,62.2,60.4,58.9,61.9,60.1,58.6,61.6,59.8,58.3,61.3,59.7,58.2,61.2,59.6,58.1,61.1,59.6,58.1,61.1,59.5,58,61,8,121,8,121.4,8.3,123.3,8.3,120.1,9.5,134,8.7,121.1,8.7,119.9,9.1,124.4,9.4,129.1,9.7,130.9,10.1,131.8,10.2,129,10.6,130.7,11.2,135.6,10.9,131.2,12.1,142.3
Congo,Africa,64.3,63,65.6,63.6,62.4,64.8,63.3,62.1,64.6,63.1,61.8,64.5,62.8,61.6,64.1,62.2,61.2,63.2,61.6,60.7,62.6,60.9,60,61.9,59.7,58.8,60.6,58.6,57.8,59.4,57.5,56.7,58.3,56,55.3,56.6,54.8,54.2,55.4,54,53.4,54.5,53.3,52.5,54,53.2,52.5,53.9,53.1,52.3,53.9,3.4,202.7,2.4,142.2,2.4,132.2,2,107.5,1.9,99,2,102.9,2.2,102.9,2.2,99.6,2,86.8,1.8,79.8,1.9,79.2,2.1,82.4,2.1,80.2,1.9,71.1,2.4,87.1,1.7,60.2
Costa Rica,North America,79.6,77,82.2,79.4,76.9,82.1,79.4,76.8,82.2,79.4,76.9,82,79.2,76.7,81.8,79,76.5,81.7,78.3,75.6,81.1,79.4,76.8,82.1,79.2,76.6,81.9,79.3,76.7,82,78.3,75.5,81.2,78.7,76.2,81.3,77.8,75.2,80.4,77.9,75.4,80.5,78.2,75.5,81.1,77.4,74.9,80.1,77.4,74.8,80.2,8.1,1286.5,8.2,1237.5,8.3,1204.6,8.1,1149.5,8.4,1131,8.1,1031.2,7.9,957.5,7.5,925.3,7,823.2,7,745.4,6.7,656.8,6.6,617.2,7,614.1,6.9,577.2,6.4,522.5,6.5,512.2
Croatia,Europe,78.3,75,81.5,77.5,74.3,80.6,78,74.7,81.2,77.8,74.5,81.1,77.3,73.9,80.7,77.2,73.8,80.4,76.7,73.4,79.9,76.3,72.8,79.7,76,72.4,79.5,75.8,72.3,79.3,75.9,72.4,79.4,75.3,71.7,78.8,75.5,71.9,79,74.8,71.2,78.3,74.9,71.2,78.5,74.8,71.1,78.4,74.4,70.7,78,7.4,1656.4,7.5,1643.2,7.3,1580.2,7.8,1644.5,7.8,1612.7,8.1,1601.7,8.2,1635,7.7,1604.3,7.5,1442.8,7,1216.5,6.9,1056.8,6.6,955.3,6.4,860.9,6.2,784.1,7.2,838.4,7.7,810.6
Cuba,North America,79,76.8,81.3,78.8,76.6,81,78.6,76.5,80.9,78.8,76.6,81,78.8,76.6,81.1,78.8,76.8,81,78,75.9,80.2,78.2,76.2,80.3,78,76,80,78.2,76.1,80.3,78,75.9,80.2,77.1,75.1,79.3,77.4,75.3,79.5,77.4,75.4,79.5,77.7,75.5,80,76.6,74.5,78.7,76.6,74.5,79,10.9,2478.8,10.3,2196.6,8.3,1710.6,8.3,1639,11.8,2236.2,11.8,2118.9,9.3,1625.1,10,1697.2,9.3,1494,8.3,1208.2,10.1,1274.3,6.8,754.6,7.1,723,7.1,685.6,7,656.4,6.4,574.3
Cyprus,Europe,80.7,78.4,83.1,80.5,78.2,82.9,80.2,78,82.5,80.3,77.7,82.9,80,77.8,82.2,80.1,78.2,82,79.8,77.3,82.3,79.5,77.1,82,79.3,77.1,81.5,78.8,76.5,81.1,79.1,77.2,81,78,76,80.1,78.4,75.9,80.9,78.3,76.3,80.4,78.2,76,80.5,78.5,76.2,80.8,77.4,75.3,79.7,6.8,2136.8,6.8,2059.9,6.9,2106.2,6.7,2138.7,6.6,2216.9,6.3,2116.6,6.5,2223.7,6,2124,5.2,1725.3,5.3,1607.4,5.3,1478.5,5.3,1380.4,5.5,1349.7,5.6,1330.6,5.3,1231.7,5.3,1135.8
Czechia,Europe,79.2,76.2,82.1,78.6,75.7,81.5,78.9,75.8,81.9,78.3,75.3,81.3,78.2,75.1,81.1,77.9,74.8,81,77.6,74.5,80.7,77.4,74.2,80.4,77.3,74.1,80.4,77,73.8,80.2,76.8,73.5,79.9,76.1,72.9,79.3,76,72.6,79.4,75.5,72.2,78.8,75.6,72.2,78.9,75.4,72.1,78.6,75,71.6,78.4,7.3,2469.9,7.7,2481.6,7.8,2381.7,7,2042.6,7,2011,6.9,1922.8,7.3,2018.4,6.4,1777.9,6,1577.9,6.2,1476.1,6.4,1402.7,6.4,1329.3,6.6,1273.4,6.2,1127.1,5.9,1034.4,5.7,922.9
Democratic People's Republic of Korea,Asia,71.9,68.2,75.5,71.8,68,75.2,71.5,67.8,74.9,71.2,67.5,74.5,70.8,67.1,74.1,70.2,66.6,73.5,69.6,65.9,72.9,69,65.4,72.3,68.7,65.1,72,68.6,64.9,71.9,68.7,65,72,68.7,64.9,72,68.5,64.8,71.8,68.2,64.4,71.5,67.6,63.8,70.9,66.5,62.6,70,65.2,61,69,0,0,0,0,0,0,0,0,0,0,0,0,0,0,0,0,0,0,0,0,0,0,0,0,0,0,0,0,0,0,0,0
Democratic Republic of the Congo,Africa,60.5,58.9,62,60.1,58.5,61.6,59.6,58.1,61.1,59.1,57.5,60.6,58.6,57.1,60.1,58.3,56.8,59.7,57.8,56.3,59.2,57.1,55.7,58.6,56.7,55.2,58.2,56.1,54.7,57.6,55.5,54,56.9,54.8,53.3,56.2,54,52.6,55.3,53.2,51.8,54.6,52.4,51,53.9,52.2,50.9,53.5,51.7,50.4,53,4.3,34,4.4,33.2,3.9,27.5,3.6,23.8,3.5,22.2,4,24.1,5.2,29.6,3.9,22,3.3,17.9,3.1,16.1,3,14.7,3.2,14.7,3.1,13.3,2.6,10.6,2.6,10.8,1.4,6
Denmark,Europe,81.2,79.3,83.2,80.9,78.9,82.8,80.9,78.9,82.8,80.6,78.6,82.5,80.3,78.3,82.2,80,78,82,79.4,77.3,81.4,79.1,77.1,81.2,79,76.8,81.1,78.6,76.5,80.7,78.4,76.1,80.6,78.3,76.1,80.5,77.9,75.6,80.2,77.6,75.3,79.8,77.2,75,79.3,77.2,75,79.4,77.1,74.8,79.3,10.3,5083.2,10.3,4924.2,10.2,4786.7,10.3,4610.2,10.2,4535.8,10.4,4480.5,10.7,4319.5,9.5,3938.9,9.3,3642,9.2,3427.7,9.1,3109.1,9,2970.1,8.9,2744.5,8.7,2670.2,8.4,2498.2,8.1,2325.3
Djibouti,Africa,63.8,62.2,65.5,63.6,62,65.3,63.1,61.4,64.9,63,61.4,64.6,62.6,61,64.2,62.1,60.6,63.7,61.6,60.1,63.2,61,59.5,62.6,60.3,58.8,61.9,59.9,58.4,61.4,59.3,57.8,60.8,58.8,57.4,60.3,58.2,56.8,59.7,58,56.5,59.5,57.8,56.3,59.4,57.6,56.1,59.2,57.4,55.8,59.1,4.4,146.7,4.1,130.6,4.1,122,4.6,131.5,4.7,128.2,4.3,108,4.5,109.4,4.5,106.2,4.8,108.8,4.9,104.6,4.5,91.1,4.7,89.6,5.6,103,5,89.7,3.9,68.6,4.1,70.3
Dominican Republic,North America,73.5,70.6,76.7,73.3,70.3,76.4,73,70.1,76.1,72.8,69.8,75.9,72.5,69.6,75.7,72.3,69.4,75.4,72,69.1,75.1,71.7,68.9,74.8,71.4,68.5,74.5,71,68.2,74,70.7,67.9,73.7,70.4,67.6,73.3,69.9,67.2,72.9,70,67.3,73,69.9,67.2,72.8,69.8,67.1,72.7,69.7,67.1,72.6,6.2,873.1,6.1,799.9,6,728.5,5.9,689.2,5.6,642.1,5.6,608.4,5.1,512.4,4.7,474.3,4.2,406.9,4.2,372.1,4.6,361.5,4.4,310.5,4.3,293,4.4,303.4,4.3,277.6,4.2,263.7
Ecuador,South America,76.5,74.1,78.9,76.3,73.9,78.8,76.3,73.8,78.8,76.1,73.6,78.7,75.7,73.1,78.4,75.6,72.7,78.6,75.3,72.5,78.3,75.4,72.5,78.4,74.9,71.9,78.2,75,72.1,78.1,74.7,71.8,77.6,74.5,71.4,77.6,74.6,71.7,77.7,74.5,71.7,77.5,73.7,70.8,76.7,73.3,70.5,76.3,72.7,69.8,75.7,8.5,980.2,8.6,994.4,8.5,942,8.4,881,7.8,770.8,7.5,688.9,6.6,591.1,6.1,542.3,5.9,490.6,5.7,461.3,5.6,427.5,5.6,398,5.4,355.6,4.5,283.6,3.7,228.8,3.3,194.2
Egypt,Africa,70.5,68.2,73,70.3,68.1,72.6,70.6,68.3,73.1,70.7,68.2,73.3,69.9,67.6,72.4,70.1,67.6,72.7,69.7,67.5,72.1,69.7,67.4,72.2,69.8,67.4,72.2,69.8,67.4,72.2,69.7,67.3,72.1,69.6,67.3,72,69.3,67,71.8,68.9,66.6,71.4,69,66.7,71.5,69,66.6,71.4,69.2,66.8,71.7,4.2,495.2,4.1,491,4.6,476.5,4.9,460.3,4.6,450.1,4.4,421.6,4.6,426,4.7,419.6,4.7,389.1,5.1,392.3,5.2,368.6,5.1,343.6,5.5,352.1,5.8,359.6,5.7,345.5,5.2,303.1
El Salvador,North America,73.7,69,78.1,73.4,68.7,77.9,73.2,68.4,77.7,73,68.2,77.4,72.8,68.1,77.2,72.5,67.8,76.9,72.2,67.5,76.7,71.8,67,76.2,71.5,66.8,76,71.2,66.5,75.6,70.8,66.2,75.2,70.4,65.8,74.8,70.1,65.5,74.5,69.8,65.2,74.2,69.5,64.9,73.9,68.6,64.1,73.1,68.8,64.3,73.2,6.9,578.5,6.8,551.8,6.9,546.7,6.7,514.2,6.8,505.7,6.9,494.5,6.8,478.3,6.2,447.7,6.3,442.7,6.7,440.8,7.2,445.3,7.3,424.7,7.3,408.7,7.7,413.2,7.8,407.8,8,402.9
Equatorial Guinea,Africa,59.5,57.9,61.7,59.4,57.6,61.7,59,57.2,61.1,58.1,56.7,59.7,57.5,56.5,58.6,57.3,56.4,58.1,57,55.8,58.2,56.3,54.7,58.2,55.9,54.1,57.9,55.2,53.5,57.2,54.9,53.1,56.9,54.4,52.7,56.4,54.1,52.2,56.1,53.8,51.8,56,53.5,51.5,55.8,53.2,51.1,55.5,52.8,50.7,55.2,2.7,789.6,1.8,583.3,1.7,584.5,1.4,524.2,1.3,463.5,1.5,506.2,1.7,632.6,1.3,507.1,1.5,494,1.5,435.7,0.8,205.4,1,271.2,1.2,237.6,1,186,2.3,347.4,2.5,255
Eritrea,Africa,65,62.9,67.1,64.6,62.5,66.7,64.2,62.1,66.3,63.7,61.8,65.8,63.3,61.4,65.4,62.9,60.9,64.9,62.3,60.3,64.4,61.8,59.8,64,61.3,59.2,63.4,60.8,58.8,62.8,60.1,58.3,62,59.4,57.8,61.1,58.7,57.3,60.1,58.1,56.9,59.4,57.7,56.5,58.9,57.3,56,58.5,43.9,38.5,51.1,3.3,56.2,3.4,56.6,3.2,53.2,3.2,53.5,3.4,51.2,3.7,51,4,54.7,4.7,62,4.1,60.2,5.3,76.5,5.3,77,5.4,76.4,5.7,79.2,5.5,79.7,5.3,76.1,5.6,75.1
Estonia,Europe,77.8,73,82.1,77.7,73,81.8,77.2,72.2,81.6,77.1,72.4,81.4,76.5,71.3,81.3,76.3,71.2,81,75.9,70.9,80.5,75.2,69.9,80.1,74.4,69,79.5,73.3,67.5,79,73.2,67.7,78.6,73,67.5,78.4,72.4,66.7,78.2,72.1,66.6,77.4,71.3,65.6,77.1,70.9,65.2,76.6,70.9,65.5,76.2,6.5,1886.8,6.2,1774.3,6,1653.7,5.8,1516.3,5.8,1429,6.3,1369.7,6.5,1342.8,5.8,1303.6,5,1104.1,4.9,947.8,5,818.6,5.1,734.8,4.9,638.3,4.7,548.6,4.8,494.4,5.2,486.2
Eswatini,Europe,57.7,55.1,59.9,57.3,54.8,59.6,56.8,54.1,59.1,56,53.2,58.4,54.9,52.2,57.3,53.8,51.1,56.1,51.5,48.9,53.8,50.2,47.8,52.4,48.7,46.6,50.7,47.4,46.1,48.5,45.6,44.4,46.5,44.3,43.1,45.3,44.2,42.9,45.4,44.8,43.3,46.2,45.7,44,47.3,47,45,48.7,48.6,46.5,50.6,7,628.9,7.2,607.6,7.3,592.9,7.4,568,8.5,615.1,8.2,614.3,7.1,504.8,7.3,516.5,6.3,431.3,6.2,410.7,5.9,359.3,5,299.5,4.8,277.8,4.6,238.4,4.5,226.6,4.6,223.5
Ethiopia,Africa,65.5,63.7,67.3,65,63.3,66.8,64.5,62.8,66.3,64,62.2,65.7,63.4,61.6,65.2,62.6,60.8,64.3,61.6,60,63.3,60.6,58.9,62.2,59.4,57.9,61,58.1,56.7,59.6,56.7,55.4,58.1,55.5,54.2,56.8,54.3,53,55.6,53.3,52.1,54.6,52.6,51.4,53.9,52.1,50.8,53.4,50.8,49.2,52.5,4,65.6,4,60.5,4.1,55.9,4.6,57.3,4.5,52.4,5.5,57.9,4.4,41.8,4.3,38,4.8,38.8,4.3,30.6,4.1,26.8,4.3,25,4.9,25,4.7,24.8,4.8,24.9,4.4,21.4
Fiji,Oceania,69.9,67.1,73.1,69.8,67,73,69.7,66.9,72.8,69.5,66.8,72.6,69.4,66.6,72.5,69.3,66.6,72.4,69.1,66.4,72.2,68.9,66.2,72,68.7,66.1,71.8,68.6,65.9,71.7,68.4,65.8,71.5,68.3,65.7,71.2,68.1,65.6,71,67.9,65.5,70.8,67.9,65.4,70.6,67.8,65.4,70.5,67.7,65.3,70.3,3.6,331.4,3.7,322.1,3.5,286.2,3.5,272.8,3.4,254.9,3.6,266.6,3.7,267.3,3.3,244.7,3.7,257.4,3.6,250.1,3.5,233.3,3.5,225.5,3.2,190.6,3.2,185.9,3.1,173.1,3.7,196.2
Finland,Europe,81.4,78.7,84.2,81.4,78.6,84.2,81.1,78.2,83.9,80.9,77.9,83.9,80.6,77.6,83.5,80.5,77.3,83.6,80,76.8,83.2,79.9,76.6,83.2,79.8,76.5,83.1,79.5,76,83,79.5,75.9,82.9,79.2,75.8,82.5,79,75.5,82.3,78.7,75.3,82,78.4,75,81.7,78.3,74.8,81.6,77.8,74.3,81.1,9.4,3996.4,9.5,3938.8,9.5,3923.3,9.3,3774.1,8.9,3640.6,8.9,3442.2,8.9,3359.6,8.1,3231.2,7.8,2949.5,8,2752.2,8,2558.9,7.8,2426.1,7.7,2220.9,7.4,2102.3,7,1944.3,6.8,1827.6
France,Europe,82.9,80.1,85.7,82.7,79.8,85.4,82.6,79.7,85.4,82.1,79.2,85,81.8,78.8,84.7,81.8,78.6,84.8,81.4,78.2,84.5,81.2,78,84.4,81.1,77.9,84.3,81,77.7,84.3,80.8,77.4,84.1,80.3,76.9,83.6,80.4,77,83.8,79.5,76.1,82.9,79.5,76,83,79.3,75.7,82.9,79.1,75.5,82.7,11.1,4542.3,11.1,4478.7,10.9,4345.9,10.8,4100,10.7,4039.9,10.7,3881.4,10.8,3778,10.1,3571.9,10,3421.7,10,3289.4,10.2,3135.4,10.1,2972.8,10,2854.7,10,2876.4,9.7,2691.9,9.5,2514.1
Gabon,Africa,66.4,64.8,68.2,65.9,64.3,67.5,65.4,63.8,67.1,64.6,63.2,65.9,63.6,62.8,64.3,62.9,62.2,63.4,62.4,61.8,62.8,61.7,61.2,62.1,61.3,60.9,61.6,61,60.6,61.4,60.7,60.2,61.2,59.9,59.3,60.4,59.3,58.7,59.8,59.3,58.5,59.9,59.3,58.4,60.1,59.4,58.4,60.3,59.6,58.5,60.6,2.7,480.9,2.5,445,2.8,485.2,2.4,398.4,2.6,406.5,2.5,372.5,3.5,493.4,2.6,374.8,2.9,443,2.9,424.4,2.8,420.8,3.3,474.9,3.5,499.7,3.2,457.7,3.2,461.2,2.9,408.7
Gambia,Africa,61.9,60.6,63.3,61.6,60.4,63,61.4,60.1,62.7,61.2,59.9,62.5,60.8,59.6,62.2,60.4,59.3,61.6,59.9,58.8,61.1,59.7,58.5,60.9,59.4,58.2,60.7,59.2,58,60.5,58.8,57.7,60.1,58.3,57.3,59.5,57.9,56.9,59,57.4,56.5,58.5,57.1,56.1,58.1,56.6,55.7,57.8,56.2,55.2,57.4,6.7,114.1,7,115.4,6.1,101.7,6.1,98.1,6.2,95.2,5.7,93,5.8,89.8,5.9,88.4,5.7,81.8,5.5,75.9,4.9,67.5,4.4,60.6,4.2,55.1,3.8,46.4,3.7,48.3,3.6,44.8
Georgia,Asia,72.6,68.3,76.8,72.8,68.5,77.1,72.8,68.6,76.9,72.8,68.5,77,72.6,68.3,76.8,72.5,68.4,76.5,72.5,68.3,76.7,72.2,68.1,76.2,73.1,68.5,77.7,73.7,69.3,77.9,73.2,68.8,77.4,73.1,69.1,76.8,71.5,67.7,75.1,71.8,68.4,74.9,70.9,67.5,74.2,72.3,68.7,75.7,71.5,68,74.9,7.9,717.7,8.4,725.8,8.4,669.3,8.4,625.8,8.4,570.3,9.5,584.3,9.8,552.5,8.7,496.8,7.6,414.9,7.8,364.6,8.3,338.9,8.3,297,8.2,268.1,8,228.6,7.4,193.6,7.4,179.3
Germany,Europe,81,78.7,83.3,80.6,78.2,83,81,78.6,83.4,80.6,78.2,82.9,80.6,78.1,83,80.4,77.9,82.8,80.1,77.6,82.6,80,77.4,82.5,79.9,77.3,82.4,79.9,77.1,82.5,79.7,76.9,82.3,79.3,76.5,81.9,79.3,76.4,82,78.7,75.7,81.5,78.6,75.6,81.4,78.5,75.4,81.3,78.1,75,81,11.2,5356.8,11.1,5204.5,11,4965.4,10.8,4707.4,10.7,4588.5,11,4413,11.2,4213.9,10.2,3936.1,10,3695.5,10.1,3521.5,10.3,3330.6,10.1,3226.5,10.4,3143.6,10.1,3001.6,9.9,2847.2,9.8,2708.9
Ghana,Africa,63.4,62.5,64.4,63.1,62.2,64,62.8,61.9,63.7,62.5,61.6,63.4,62.2,61.3,63,61.6,60.8,62.4,61.2,60.3,62,60.7,59.8,61.6,60.2,59.3,61.1,59.7,58.8,60.6,59.2,58.3,60.1,58.7,57.8,59.6,58.3,57.5,59.2,58,57.2,58.9,57.8,57,58.7,57.6,56.8,58.4,57.4,56.7,58,5.9,249.3,5.5,225.4,5.8,227.2,5.5,202,6.1,207.4,6.5,195.4,6.5,183.1,6.4,175.1,6.2,156,6.2,149.1,6.3,232.6,5.1,176.4,5.1,165.9,5,157.6,5.6,168.7,5.1,148.6
Greece,Europe,81.2,78.7,83.7,80.9,78.4,83.4,81.2,78.7,83.8,81.2,78.7,83.7,80.5,77.9,83.1,80.6,78,83.3,80.5,78,83.1,80.3,77.6,83.1,80.2,77.5,82.9,79.7,77,82.4,79.9,77.3,82.6,79.5,76.8,82.2,79.3,76.7,82,79.1,76.6,81.8,79.1,76.5,81.7,78.8,76.1,81.5,78.3,75.6,81.1,8.4,2204.4,7.9,2094.3,8.3,2169.8,8.8,2210.7,9.1,2374.3,9.6,2696.9,9.5,2881.1,9.4,2899.6,9.1,2655.9,9,2561.9,9,2304.7,7.9,2021.8,8.2,1959,8.2,1864.4,8,1682.5,7.2,1416.7
Grenada,North America,73.4,71,75.9,73.3,70.9,75.8,73.2,70.8,75.7,73.2,70.8,75.5,73.1,70.7,75.4,72.9,70.4,75.3,72.6,70.2,75.1,72.4,69.9,74.8,72.1,69.7,74.5,71.8,69.4,74.2,71.6,69.2,74,71.3,68.9,73.7,70.3,67.8,72.8,71,68.6,73.4,71,68.6,73.4,70.8,68.4,73.2,70.6,68.2,72.9,5,677.5,5.3,667.9,5.6,654.8,5.8,651.8,6.1,684.7,6.1,671.4,6,658.1,5.7,667.7,5.7,644.9,5.8,608.9,5.3,558.1,5.1,466.1,5.2,465.8,5.8,461,5.4,410.1,5.1,390.2
Guatemala,North America,73.2,70.4,76,72.9,70,75.8,72.6,69.6,75.5,72.2,69.2,75.2,72,69,75,71.6,68.4,74.7,71,67.7,74.3,70.8,67.3,74.2,71,67.4,74.5,70.6,67.3,73.8,69.7,66,73.3,69.1,65.5,72.7,69.4,65.8,72.9,69.1,65.6,72.6,69,65.6,72.3,68.1,64.5,71.7,67.6,64.3,71,5.7,443.9,6.2,467.2,6.2,450.9,6.3,440.1,6.2,422.5,6.4,421.7,6.6,427.2,6.5,425.1,6.7,424.3,6.9,410.7,6.6,369.9,6.7,361.1,6.8,352.4,6.7,338,6.7,330.7,5.2,249.4
Guinea,Africa,59.8,59.4,60.2,58.6,58.1,59,57.8,57.4,58.2,58.4,58,58.8,58,57.6,58.4,57.6,57.1,58.1,57.2,56.5,57.8,56.5,55.7,57.4,56,55,56.9,55.4,54.4,56.5,54.6,53.7,55.5,53.7,53.1,54.3,52.8,52.5,53.1,52.1,52,52.2,51.7,51.5,51.8,51.3,51.1,51.5,51.4,51.1,51.6,4.5,57.2,4.3,55.1,4.7,59.5,4.6,57.4,5.1,61.6,4.4,52,4.3,49.6,4.3,50.3,4.6,51.6,4.3,47,4.5,48.2,4.6,47.5,5,50,6,58.5,5.2,48.8,5,44.7
Guinea-Bissau,Africa,59.8,58.4,61.2,59.3,57.8,60.6,58.8,57.4,60.2,58.5,57.2,59.8,57.9,56.8,59,57.3,56.2,58.3,56.8,55.7,57.8,56.3,55.1,57.3,55.6,54.5,56.7,55.1,54,56.1,54.5,53.5,55.5,54.1,53.3,55,53.7,52.9,54.4,53.4,52.6,54,53.1,52.4,53.8,52.9,52,53.7,52.7,51.7,53.6,6.9,100.3,6.3,100.3,4.7,76.1,4.8,74.2,5.4,80.1,6.2,84.2,6.6,67.6,6.8,89.2,6.8,86.4,6.4,78.8,6.3,74.6,6.9,77.6,5.7,62,5.2,54.2,6.1,67.3,6.3,76.7
Guyana,South America,66.2,63.6,69,66.1,63.5,68.9,66,63.5,68.8,65.9,63.4,68.6,65.3,62.7,68.1,65.7,63.2,68.3,65.8,63.4,68.3,66,63.8,68.3,66.1,64,68.3,65.6,63.5,67.9,65,62.7,67.5,64.8,62.5,67.3,64.6,62.2,67.1,64.4,62,66.9,64.5,62,67,65.1,62.7,67.6,64.7,62.3,67.1,4.5,336.1,5.1,373.2,5,344.4,4.8,314.8,4.9,301.3,4.6,265.6,4.6,249.2,4.2,216.5,4,201.4,4,180.7,5.4,223.8,5,208.2,5.2,201,4.8,187.1,4.5,172.5,4.4,156.7
Haiti,North America,63.5,61.3,65.7,63.3,61.1,65.6,63.1,60.8,65.4,62.8,60.6,65,62.6,60.5,64.7,62.9,61,64.9,36.2,33.2,40,63.5,61.8,65.2,63.2,61.6,64.9,62.8,61.2,64.5,61.9,60.3,63.5,60.8,59.1,62.5,58.4,56.5,60.5,59,57.1,60.8,58.6,56.8,60.5,58.4,56.5,60.2,58.1,56.3,60,6.9,120.1,7.2,125.1,7.2,122,10.1,162.8,10.6,166.2,10.2,150.4,8.7,135.6,7.7,116.9,6.8,102.2,5.5,79.4,5.5,76.6,5.9,78.7,5.8,79.5,6,81.9,6.6,90.6,6.9,95.2
Honduras,North America,75.2,72.9,77.5,75,72.7,77.3,74.8,72.5,77.1,74.6,72.3,76.9,74.4,72.1,76.7,74.2,71.9,76.5,73.9,71.6,76.2,73.8,71.5,76,73.5,71.2,75.8,73.3,71,75.6,73,70.7,75.3,72.6,70.3,75,72.3,69.9,74.8,71.9,69.5,74.4,71.6,69.2,74.1,71.4,68.9,73.8,71.1,68.7,73.5,7.6,353.4,7.7,347.2,8.2,355.9,8.4,355.3,7.6,309.2,8.2,320.1,8.5,320.9,8.1,318.5,7.8,293.6,7.5,265.1,7.2,238.3,6.7,206.4,6.8,195.1,6.2,172.2,5.9,159.7,6.3,165.1
Hungary,Europe,76,72.3,79.4,75.4,71.9,78.7,75.7,72,79.1,75.5,71.9,78.9,75,71.3,78.5,74.8,71,78.4,74.4,70.5,78.2,74.1,70,78.1,74,69.9,78,73.5,69.3,77.6,73.4,69.1,77.6,72.9,68.7,77.1,73,68.7,77.2,72.6,68.4,76.8,72.6,68.3,76.9,72.5,68.3,76.7,71.9,67.6,76.2,7.2,1912.1,7.1,1820.1,7.3,1774.7,7.5,1722.3,7.6,1720.5,7.6,1620.2,7.3,1497.2,7.1,1467.8,7.3,1372.3,7.8,1428.5,8,1364.6,7.8,1260.7,8.1,1253.9,7.1,1032.8,6.8,902.9,6.8,802.1
Iceland,Europe,82.4,80.9,83.9,82.4,80.8,84,82.4,80.9,83.9,82.5,80.9,84.1,82.4,80.8,83.9,82.3,80.6,83.9,81.9,79.9,83.8,81.7,79.8,83.5,81.5,79.6,83.3,81.3,79.5,83,81.2,79.3,83,81.1,79.2,83,81,79.2,82.9,80.9,79,82.7,80.7,78.8,82.6,80.2,78.2,82.3,79.7,77.6,81.9,8.6,4116.2,8.8,3894.1,8.7,3710.7,8.7,3518.6,8.6,3410.5,8.8,3383.7,9.1,3711.1,8.7,3697.1,8.7,3553.5,8.9,3447.6,9.2,3415.8,9.6,3366.6,10.1,3257.3,9.6,3086,8.9,2807.2,9,2657.4
India,Asia,68.8,67.4,70.3,68.5,67.1,70,68.2,66.9,69.6,67.8,66.6,69.2,67.5,66.3,68.7,67.1,66.1,68.2,66.7,65.8,67.6,66.2,65.4,67,65.7,65.1,66.4,65.3,64.7,65.9,64.9,64.3,65.5,64.5,63.9,65,64,63.4,64.6,63.7,63.1,64.3,63.3,62.7,63.9,62.9,62.3,63.4,62.5,61.9,63.1,3.9,237.7,3.6,205.8,3.7,197.1,3.3,163.7,3.2,150.5,3.3,145.6,3.5,140.9,3.5,131.9,3.5,126.4,3.6,115.3,3.8,108.5,4,102,4,94.7,4.2,92.6,4.3,89.8,4.2,80.7
Indonesia,Asia,69.3,67.3,71.4,69.1,67.2,71.2,68.9,67,71,68.7,66.8,70.8,68.5,66.6,70.5,68.3,66.3,70.3,68,66,70.1,67.8,65.7,69.9,67.6,65.5,69.7,67.4,65.4,69.5,67.2,65.3,69.2,67.1,65.2,69,65.2,63.2,67.2,66.7,65,68.5,66.5,64.8,68.3,66.3,64.6,68,66.1,64.5,67.7,3.3,369.3,3.4,362.6,3.4,336.4,3.4,318,3.3,295.4,3.5,285.3,2.8,220.7,2.8,210.2,3.1,215.9,2.9,186.4,2.8,167.6,2.3,130.5,2.4,129.9,2.1,108.1,2.2,107.6,2,92.3
Iran (Islamic Republic of),Asia,75.7,74.6,76.9,75.5,74.4,76.7,75.3,74.2,76.5,75.1,74.1,76.3,74.9,73.8,76.1,74.5,73.3,75.8,74,72.6,75.5,73.3,71.6,75.2,72.7,70.9,74.7,72.4,70.6,74.3,72.1,70.4,73.9,71.7,70.2,73.4,71.5,70,73,70.1,68.6,71.6,70.9,69.6,72.2,70.5,69.4,71.7,70.1,69.1,71.2,7.6,1261.7,7.1,1222.6,6.3,1034.5,6.8,1135.1,6.7,1196,7.8,1201,7.5,1088.4,6.1,863.9,5.8,811.7,5.8,760.7,6,718.8,5.8,651.3,5.7,594.9,5.3,504.4,5.8,509,5.2,454.9
Iraq,Asia,69.8,67.5,72.2,69.3,66.9,71.8,68.6,66,71.3,70.1,68,72.2,70.9,69.1,72.7,70.9,69.1,72.7,70.8,69,72.6,70.5,68.6,72.4,69.4,67.2,71.7,66,62.9,69.4,64.8,61.3,68.5,66.8,64,69.9,67.2,64.5,70,66.4,63.5,69.5,70.2,68.6,71.9,70,68.4,71.7,69.4,67.6,71.4,3.4,481,3.4,440,3.2,438.9,3.2,400.7,2.9,370.2,3.3,402.5,3.8,448.6,3,356.3,3.1,338.8,2.4,260.2,2.9,281.1,3.8,355.1,3,181.7,0,0,0,0,0,0
Ireland,Europe,81.5,79.7,83.4,81.4,79.5,83.3,81.4,79.4,83.4,81.1,79.1,83.1,80.9,78.7,83,80.7,78.6,82.8,80.9,78.7,82.9,79.9,77.5,82.3,79.9,77.7,82.2,79.7,77.3,81.9,79.2,76.9,81.5,78.8,76.5,81.1,78.5,76,80.9,78.1,75.7,80.5,77.6,74.9,80.2,77.1,74.5,79.8,76.4,73.9,79,7.8,5334.9,9.9,5099.6,10.4,5045.8,10.1,4687.6,9.9,4524.1,10.5,4566.8,10.5,4382.7,9.1,4059.7,7.8,3696.4,7.5,3374.8,7.6,3128.9,7.2,2824.5,7,2560.3,6.7,2369.7,6.4,2105.7,5.9,1793.8
Israel,Asia,82.3,80.3,84.2,82,80,84,82.3,80.3,84.1,82.2,80.4,83.9,81.9,80,83.7,81.9,80,83.6,81.8,79.8,83.6,81.6,79.7,83.4,81,79,82.9,80.5,78.4,82.4,80.3,78.3,82.1,79.8,77.7,81.7,79.7,77.5,81.8,79.2,77,81.2,78.7,76.5,80.8,78.7,76.4,80.9,78.3,76.1,80.4,7.4,2819.1,7.4,2687.3,7.1,2499.5,7.1,2323.5,7,2194.4,7.1,2087.7,7.1,2007.1,7,1975.3,6.9,1971.2,6.9,1860.4,7.1,1856.6,7,1866.3,7.1,1779.8,7.2,1898.5,7.2,1894,6.8,1773.5
Italy,Europe,82.8,80.5,84.9,82.4,80.2,84.6,82.8,80.5,85,82.6,80.2,84.8,82.2,79.8,84.4,82.2,79.7,84.5,82,79.5,84.4,81.8,79.2,84.1,81.7,79,84.1,81.5,78.8,84,81.4,78.6,84,80.9,78.2,83.6,81,78.1,83.8,80.2,77.3,82.9,80.3,77.3,83,80,77,82.8,79.6,76.6,82.5,9,3350.6,9,3274.1,9,3267.4,9,3253.5,8.8,3211.9,9,3145.2,9,3106.2,8.6,3040.1,8.2,2784.2,8.5,2740.6,8.4,2516.9,8.2,2420.9,7.9,2291.7,7.9,2263.5,7.8,2175.6,7.6,2047.8
Jamaica,North America,76,73.6,78.5,75.8,73.3,78.3,75.7,73.3,78.2,75.5,73.2,77.9,75.3,73,77.7,75.1,72.8,77.6,74.9,72.5,77.4,74.6,72.1,77.1,74.3,71.8,76.8,74,71.5,76.5,73.7,71.3,76.3,73.3,70.7,75.9,73.1,70.5,75.7,73,70.4,75.7,72.8,70.2,75.6,72.6,69.9,75.5,72.6,70,75.4,5.9,511.4,5.5,469.2,5.8,483.8,5.3,429.6,5.5,444,5.4,421.3,5.2,414,5.5,452,5.1,416.6,4.4,345.5,4.1,308.8,4.8,348.1,4.6,318.4,4.9,322.8,5.3,344.5,5.8,365
Japan,Asia,84.2,81.1,87.1,84,80.8,87,83.8,80.6,86.8,83.5,80.3,86.6,83.3,80,86.4,82.9,79.6,86,83,79.6,86.3,83.1,79.6,86.4,82.8,79.3,86.1,82.7,79.2,86,82.5,79,85.8,82.1,78.6,85.5,82.2,78.7,85.6,82,78.5,85.4,81.9,78.4,85.3,81.6,78.1,84.9,81.3,77.8,84.6,10.9,4405.1,10.8,4240.3,10.8,4179.2,10.8,3988.3,10.6,3778.2,9.2,3192.5,9.1,2986.1,8.2,2842.5,7.9,2713.8,7.8,2569.4,7.8,2452.8,7.7,2318.3,7.6,2191.1,7.5,2097,7.4,2013,7.2,1905.7
Jordan,Asia,74.3,72.7,76,74.1,72.6,75.8,74,72.4,75.7,73.9,72.3,75.5,73.7,72.2,75.3,73.5,72,75.2,73.4,71.9,75,73.2,71.7,74.8,73,71.6,74.6,72.8,71.4,74.4,72.6,71.3,74.2,72.3,70.8,74,72.3,70.9,73.8,72.2,70.8,73.7,72,70.7,73.5,71.9,70.6,73.4,71.7,70.4,73.2,6.3,568.1,7.4,673.5,7.3,666.1,8,729.9,8.3,768.5,8.1,778.8,9.5,896.8,8.8,816.8,8.3,742.5,8.1,677.2,8.9,694.2,9,653.8,9.1,607.5,9.7,618.2,9.9,599.6,9.6,552.5
Kazakhstan,Asia,71.1,66.8,75.3,70.6,66.1,74.9,70.2,65.7,74.6,69.5,64.8,74.2,68.6,63.9,73.4,68.1,63.4,72.9,67.4,62.6,72.4,67.5,62.7,72.4,66.3,61.2,71.7,65.1,59.6,71.1,64.9,59.4,70.8,64.6,59,70.5,64.6,59.1,70.6,64.3,58.9,70.1,64.6,59.2,70.2,64.3,58.9,70,63.9,58.4,69.7,3.9,903.3,3.6,891,3.8,842,4,839,3.6,719.9,4.2,790,4.3,758.4,3.6,663.3,3.2,555.2,3.7,586.6,4,567.1,4,493,3.8,413.8,3.9,363.5,3.6,314.5,4.2,324.4
Kenya,Africa,66.7,64.4,68.9,66,63.6,68.4,65.6,63.1,68,65.3,62.9,67.7,64.9,62.8,67,63.9,62.4,65.5,62.9,61.5,64.2,61.5,60.2,62.7,59.9,58.8,61,58.4,57.4,59.4,56.6,55.7,57.5,55.2,54.4,56,54.1,53.3,54.9,53.5,52.8,54.3,53.3,52.5,54.1,53.2,52.3,54,53.2,52.3,54.1,5.2,157.2,5.5,158.3,5.7,157.5,5.7,149.9,5.5,141.8,6.4,155.3,5.3,120.9,4.8,108.5,5,113.5,4.6,98.3,5.1,100.1,5.1,94.2,5.2,91.6,5.5,95.6,5.4,94.3,5.2,88.7
Kiribati,Oceania,66.1,63.6,68.6,65.9,63.4,68.4,65.9,63.4,68.4,66,63.4,68.5,66.1,63.5,68.5,66.1,63.5,68.5,65.9,63.4,68.2,65.6,63.1,68,65.1,62.7,67.3,64.4,62,66.6,63.7,61.4,65.8,63.2,60.9,65.3,63.1,60.9,65.2,63.5,61.1,65.7,63.9,61.5,66.2,64.1,61.7,66.4,64.1,61.6,66.4,7.6,151.8,9.6,185.9,9.4,177.5,8.7,156.3,8.8,150.1,9.4,158.9,13.7,237.4,14.2,250.6,11.6,207.3,11.7,205,11.5,202.7,12.4,205.4,10.7,178,11.7,191.1,12.1,191.4,8.6,137.5
Kuwait,Asia,74.8,73.9,76,74.6,73.8,75.9,74.6,73.7,75.8,74.4,73.7,75.6,74.3,73.6,75.5,74.2,73.5,75.3,74.1,73.4,75.1,73.9,73.2,75,73.8,73.1,74.8,73.6,73,74.6,73.5,72.9,74.5,73.5,72.8,74.5,73.4,72.7,74.4,73.4,72.7,74.5,73.4,72.7,74.5,73.4,72.6,74.5,73.3,72.6,74.4,4,2977.5,3.2,2385.9,2.6,1982.6,2.6,2034.7,2.6,2027.8,2.8,2032,3.9,3071.1,1.9,1739.8,2.1,1946.9,2.3,1990.8,2.4,1979.3,2.8,2083.4,3.2,2182,3.6,2041.4,3.6,2002.1,2.5,1393.9
Kyrgyzstan,Asia,71.4,67.7,75.2,71.1,67.4,74.8,70.5,66.7,74.4,70.4,66.6,74.4,69.7,65.8,73.7,69.3,65.3,73.3,68.6,64.4,73,68.6,64.7,72.6,67.8,64,71.8,67.3,63.3,71.6,66.8,62.9,70.9,66.9,63.1,70.8,67,63.3,71,66.5,62.7,70.5,66.6,62.8,70.7,67.2,63.1,71.5,66.5,62.5,70.7,8.2,286.6,8.3,281.5,8.2,266.1,8.5,250,7.2,209.4,7.1,194.4,7,193.2,6.6,178.6,6.9,172.3,8.3,187.7,7.5,159.9,6.2,130.2,5.8,111.7,4.6,81,4.3,74.8,4.4,72.3
Lao People's Democratic Republic,Asia,65.8,64.2,67.4,65.5,63.9,67,65.1,63.5,66.7,64.8,63.2,66.3,64.5,63,66,64.1,62.6,65.6,63.7,62.3,65.2,63.3,61.8,64.7,62.8,61.3,64.2,62.2,60.7,63.7,61.6,60.1,63.1,61,59.5,62.5,60.4,58.9,61.8,59.7,58.2,61.2,59.1,57.6,60.6,58.5,57,60,58,56.5,59.5,2.8,165.8,2.6,140.9,2.7,128.6,2.3,104.3,2.2,89.5,3.2,119.6,4,139.6,3,99.3,3.5,109.4,4.1,121.9,4.8,125.8,4.9,119.4,5,111,4.2,88.2,4.8,89.1,4.7,82.8
Latvia,Europe,75,70,79.6,74.8,69.8,79.3,74.5,69.2,79.4,74.2,69.3,78.7,74,68.9,78.8,73.8,68.7,78.6,73,67.8,77.9,72.8,67.5,77.7,72.1,66.5,77.4,70.9,65.3,76.5,70.6,65,76.2,70.7,65,76.5,71.2,65.7,76.4,71,65.6,76.1,70.5,64.7,76.2,70.1,64.4,75.7,70.3,64.6,75.9,5.8,1429.3,7.8,1306.9,7.5,1218.9,7.6,1146,7.9,1093.9,8.6,1070,8.9,1029.1,8.5,1086,8.9,1041.3,8.8,900.4,8.9,807.6,9.3,756.9,8.2,602.3,8.5,578.2,8.4,519.6,7.9,433.9
Lebanon,Asia,76.3,75.1,77.7,76.1,74.8,77.6,76,74.7,77.5,76,74.7,77.5,76,74.8,77.4,75,73.3,76.9,75.7,74.5,77.1,75.6,74.3,77,75.4,74.1,76.9,75.4,74.1,76.9,74.5,72.8,76.4,75.1,73.7,76.6,74.8,73.5,76.4,74.6,73.2,76.1,74.2,72.8,75.8,73.9,72.5,75.5,73.6,72.2,75.2,7.4,1117.3,7.4,1140.4,7.5,1172.1,8,1237.9,8.1,1278.6,7.5,1200.2,7.1,1068.4,7.9,1094.1,8.6,1083.3,8.8,983.6,7.6,833,8.1,859,8.6,858.2,9.1,926.7,10.4,1053.6,10.7,1059.9
Lesotho,Africa,52.9,51,54.6,52.1,50.1,53.8,52.1,50.1,53.8,52.3,50.3,53.9,52.5,50.8,54,52.8,50.8,54.4,52.3,50.6,53.6,51.4,50.4,52.1,49.9,49.1,50.5,47.5,46.9,47.7,46.2,45.6,46.6,45.6,45.2,45.9,46.1,45.5,46.4,46.8,46.2,47.2,48,47.2,48.5,49.4,48.5,50,50.9,49.9,51.6,8.4,251.1,8.6,248.8,7.9,226.9,7.7,213.7,7.2,189.9,6.2,157.9,8.3,195,7.5,164.6,7,147,5.9,105.7,5.3,89.8,5.9,94.3,6,94.8,5.9,88.2,6.3,95.1,5.8,84.3
Liberia,Africa,62.9,62,63.9,62.1,61,63.2,58.9,57.7,60.1,61.9,61.1,62.7,61.5,60.7,62.2,60.9,60.1,61.6,60.1,59.3,60.9,59.2,58.4,60.1,58.4,57.4,59.3,57.4,56.5,58.4,56.3,55.4,57.2,55.3,54.5,56.1,54.4,53.6,55.1,50.7,48.5,53,51.5,49.9,53.1,52.2,51.2,53.1,52,51.3,52.7,15.2,127.8,14.1,119.2,9.2,76.9,9.3,72.5,10.5,77.3,10,68.7,10.6,71.1,11,56.4,10.3,50.7,8.1,36.5,8.5,36.4,7.9,31.5,3.5,13.3,2.9,16.2,3.7,19.8,3.8,21.5
Libya,Africa,71.9,69,75,72,69.2,75.1,72.5,70,75.2,73,70.7,75.4,72.9,70.7,75.3,71.3,68.5,74.5,72.8,70.6,75.2,72.7,70.5,75.1,72.5,70.3,75,72.3,70.2,74.8,72.1,70,74.4,71.8,69.8,73.9,71.4,69.7,73.5,71.2,69.6,73.1,71,69.4,72.9,70.9,69.3,72.7,70.8,69.2,72.6,0,0,0,0,0,0,0,0,5,627.3,3.4,957.3,3.9,969.2,2.3,561.9,2.4,610.7,2.5,605.2,2.6,603.8,3.5,693.6,4.1,846.4,4.9,852.3,4.1,809,3.4,696.5
Lithuania,Europe,75,69.7,80.2,74.4,69,79.6,74.5,68.9,79.9,73.9,68.3,79.3,73.8,68.1,79.4,73.5,67.8,79.1,73.2,67.4,78.8,72.7,66.8,78.5,71.6,65.6,77.6,70.6,64.2,77.2,70.9,64.8,77.1,71,64.9,77.3,71.9,66.1,77.8,71.9,66.1,77.7,71.7,65.9,77.5,71.5,65.7,77.4,72,66.5,77.4,6.5,1874.6,6.2,1734.4,6.1,1631.1,6.3,1542.2,6.5,1472.3,6.8,1352.4,7.4,1327.3,6.3,1298.7,5.8,1092.7,5.8,957.2,5.6,810.9,5.5,713.3,6.2,750,6.2,647.5,5.8,549.4,5.8,490.7
Luxembourg,Europe,82.4,80.1,84.6,82.4,80,84.7,82.3,80.1,84.5,82.1,79.8,84.3,81.8,79.7,83.9,81.5,79.1,83.7,81.4,78.8,83.7,81.4,78.8,83.8,81.1,78.5,83.3,80.6,78,82.9,80.2,77.5,82.6,80,77.1,82.7,79.5,76.5,82.4,79.1,75.9,82.2,78.7,75.7,81.6,78.7,75.6,81.6,78.4,75.3,81.4,6,6381.5,6.3,6463.3,6.5,6345.9,6.6,6091,6.1,5694.9,7,6089.7,7.3,6097.5,6.5,5725,6.2,5275.2,6.7,5272.9,7.2,4942.5,7.3,4741.4,7,4216.5,6.7,3978.7,6.4,3612,5.9,3284
Madagascar,Africa,66.1,64.6,67.6,65.7,64.2,67.2,65.3,63.8,66.8,64.9,63.5,66.4,64.5,63,66,64,62.5,65.5,63.5,62,64.9,62.9,61.4,64.4,62.4,60.9,63.8,61.9,60.5,63.3,61.5,60.1,62.9,61,59.7,62.4,60.6,59.3,61.8,60.2,58.9,61.4,59.7,58.5,60.9,59.1,57.9,60.3,58.4,57.2,59.5,5.2,76.7,4.9,70.5,4,57,3.8,53.1,5,68.4,5.4,72.9,5.1,69.9,4.6,67.7,5.3,72.8,5.6,72.9,5.5,68.2,5.5,65.2,4.8,54,5.9,60.8,5.7,69,5.3,61.2
Malawi,Africa,64.2,61.4,66.8,63.4,60.7,66,62.6,59.9,65.2,61.6,58.9,64.1,60.2,57.7,62.6,59,56.6,61.3,57.6,55.3,59.9,56.1,53.9,58.2,54.3,52.3,56.2,52.5,50.8,54.2,50.9,49.5,52.3,49.6,48.4,50.8,48.6,47.4,49.6,47.8,46.6,48.9,47.1,45.9,48.3,46.5,45.2,47.7,45.9,44.5,47.3,9.3,108.2,9.7,111.6,11.6,127.3,8.5,89.8,7.5,78.8,7.2,73.3,8.3,79.7,8.6,78.3,7.7,65.6,6.9,54.2,6.1,45.3,5.7,41.4,4.7,32,3.9,25.3,3.7,24,4.4,29.9
Malaysia,Asia,75.3,73.2,77.6,75.1,73,77.5,74.9,72.8,77.3,74.8,72.7,77.2,74.6,72.5,77,74.4,72.3,76.8,74.2,72,76.6,73.9,71.7,76.4,73.7,71.4,76.2,73.5,71.3,76.1,73.4,71.1,75.9,73.2,70.9,75.8,73.1,70.8,75.7,73,70.7,75.5,72.8,70.5,75.4,72.7,70.4,75.2,72.5,70.3,75,4,1063.9,3.9,991.5,3.7,882.8,3.6,835.1,3.5,758.1,3.3,688.5,3.4,687.7,3.1,645.6,3.3,656.6,3.3,596.2,2.9,500,3,497.2,3,467.2,2.7,399.1,2.7,374.3,2.4,338
Maldives,Asia,78.4,77.2,79.9,78.1,76.9,79.6,77.9,76.7,79.3,77.5,76.4,78.9,77.2,76.1,78.6,76.9,75.9,78.1,76.4,75.4,77.6,75.9,74.9,77.1,75.5,74.5,76.6,75,74,76.1,74.6,73.6,75.7,74.1,73.2,75.1,72.4,71.6,73.4,72.4,71.7,73.2,71.3,70.6,72.1,70.4,69.8,71,69.7,69.2,70,11.5,1513.9,13,1693.4,11,1359.3,8.4,945.7,10.2,1136.4,9.3,948.3,10.6,1022.5,11.6,1211.8,8.9,851.1,8,692.1,8.8,629.8,7.5,578.3,6.4,432.9,7.1,420.8,8,411.1,7.4,277.6
Mali,Africa,58,57.5,58.4,57.4,56.9,57.8,56.9,56.5,57.4,56.5,55.9,57,56.3,55.9,56.8,56,55.7,56.3,55.6,55.2,55.9,55.1,54.7,55.5,54.6,54.1,55,53.9,53.5,54.4,53.1,52.7,53.6,52.3,51.8,52.7,51.3,50.9,51.7,50.4,49.9,50.8,49.5,49.1,49.9,48.6,48.2,49.1,47.8,47.3,48.3,5.8,118.5,5.8,113.9,5.4,100.7,4.4,80.9,4.1,76.9,4.4,81.2,4.7,83.3,4.8,83.5,5.2,88.3,5.3,86,5,78.2,5.2,76.8,4.6,67.6,4.4,58.8,4.3,57,5.1,59.2
Malta,Europe,81.5,79.6,83.3,81.5,79.6,83.2,81.5,79.6,83.4,81.2,79.3,83.1,81,79.1,82.9,80.9,78.9,82.7,80.7,78.7,82.6,80.4,78.4,82.4,80.1,78,82.1,79.7,77.5,81.8,79.5,77.4,81.4,79.3,77.4,81.1,79,77.3,80.7,78.8,77,80.6,78.6,76.6,80.5,78.4,76.4,80.3,78,76.2,79.9,9.6,3470.9,9.5,3216,8.9,2778.6,8.6,2550.1,8.6,2456.1,8.2,2290.2,8.1,2122.1,8,2094.3,8.2,2049.5,8.8,2056.8,8.7,1940.6,8.1,1739.2,8,1657.6,7.7,1517,7,1297.7,6.5,1198.9
Mauritania,Africa,63.9,62.6,65.2,63.7,62.4,65,63.4,62.1,64.7,63.1,61.8,64.4,62.9,61.6,64.1,62.5,61.2,63.8,62.2,60.8,63.6,61.9,60.5,63.3,61.6,60.2,63,61.3,59.9,62.7,61.1,59.6,62.5,60.8,59.3,62.2,60.6,59.1,62.1,60.5,59,61.9,60.4,58.8,61.8,60.3,58.8,61.7,60.2,58.7,61.6,4.6,177.1,4.2,158.3,3.6,133.9,3.3,117.9,3.2,106.8,3.3,108.4,3.9,123.3,3.8,123.6,3.6,117.9,3.4,107.5,4.5,118.7,4.6,112.1,5.1,117.8,5.2,113.7,4.6,102.3,4.5,97.3
Mauritius,Africa,74.8,71.6,78.1,74.6,71.2,78,74.3,71.1,77.6,74.2,71,77.6,74,70.9,77.2,73.7,70.1,77.5,73.3,70,76.7,72.9,69.4,76.5,72.8,69.3,76.5,73,69.7,76.4,71.9,68.8,75.2,72.2,69,75.6,72.1,68.9,75.3,71.6,68.5,74.8,71.6,68.4,75,71.6,68.5,74.9,71.1,67.9,74.4,5.5,1098.6,5.4,1020,4.7,840,4.4,746,4.4,714.2,4.7,716.6,4.4,627.9,4.1,571.9,3.7,478.1,3.8,452.9,3.7,428,3.5,387.3,3.4,346.1,3.4,323.2,3.1,287.9,3,270.6
Mexico,North America,76.6,74,79.2,76.2,73.6,78.9,76.2,73.6,78.9,76.3,73.6,79.1,76,73.2,78.9,75.7,72.8,78.7,75.2,72.3,78.1,75.4,72.7,78.2,75.3,72.6,78.1,75.7,73.1,78.3,75.5,72.8,78.1,75,72.5,77.6,75.2,72.6,77.7,74.8,72.2,77.4,74.8,72.2,77.5,74.8,72.2,77.5,74.5,71.8,77.3,5.9,1008.7,5.7,986.1,6,1001.3,5.9,973.2,5.8,915,6,887.8,6.2,868.7,5.7,829.2,5.8,807.3,5.7,759.9,5.9,721.9,6,685.1,5.9,637,5.4,552.9,5.3,524.4,4.9,480.5
Micronesia (Federated States of),Oceania,69.6,68.4,70.8,69.3,68,70.6,69.3,68,70.5,69.1,68,70.3,69,67.8,70.1,68.8,67.7,69.9,68.7,67.6,69.8,68.5,67.4,69.5,68.3,67.2,69.4,68.1,67.1,69.1,67.9,67,68.9,67.7,66.7,68.7,67.6,66.6,68.6,67.4,66.5,68.3,66.1,65,67.3,67.2,66.2,68.1,67,66.1,67.9,13.1,457.9,12.4,415.1,11.9,407.7,12,418.5,12.9,440.7,12.9,427.4,12.6,397.7,11.9,367.8,11.1,341.4,10.7,325.1,11.5,338.5,10.4,290,9.5,265.8,7.8,210.7,8.4,221.3,7.7,194.7
Mongolia,Asia,69.8,65.7,74.2,69.6,65.5,74,69.4,65.4,73.8,69.2,65.1,73.6,68.9,64.9,73.3,68.4,64.4,72.8,67.8,63.7,72.2,67.1,63,71.5,66.4,62.4,70.8,66,62,70.3,65.5,61.6,69.8,64.9,61.1,69.2,64.4,60.6,68.6,63.9,60.2,68,63.5,59.9,67.4,63,59.7,66.6,62.4,59.4,65.6,3.9,469.6,3.8,457.5,4,443.8,3.7,367.3,4.1,305.1,4.2,273.6,4.2,296,4.1,304.1,3.8,259.2,3.5,208.6,4.2,227.6,4.2,209.8,4.4,194.3,5.1,206.9,4.9,194.4,5.5,213.7
Montenegro,Europe,76.8,74.4,79.2,76.6,74.1,79,76.4,73.9,78.8,76.2,73.7,78.6,75.9,73.4,78.4,75.6,73.1,78.1,75.6,73.1,78,75.2,72.7,77.6,74.8,72.3,77.3,74.4,71.8,76.9,74.1,71.4,76.7,73.8,71.1,76.4,73.7,71.1,76.3,73.6,71,76.1,73.5,70.9,76,73.3,70.8,75.7,73.1,70.5,75.6,6,957,5.9,898.1,6,891.4,6.1,843.5,5.8,836.8,5.9,793.7,5.5,712.5,6.2,842.4,6.6,813.9,7.2,746,7.7,638.2,7.9,617.7,8.3,609.8,7.7,541.7,7.6,510.6,6.7,398.9
Morocco,Africa,76,74.8,77,75.8,74.7,76.8,75.5,74.4,76.6,75.2,74.1,76.3,74.9,73.8,76,74.6,73.4,75.7,74.2,72.9,75.4,73.8,72.4,75.2,73.4,71.9,74.9,73.1,71.5,74.6,72.5,71,74,71.8,70.3,73.2,70.9,69.5,72.3,70.2,68.8,71.5,69.6,68.2,71,69.1,67.6,70.5,68.5,67,70,5.5,435.3,5.7,428.3,5.6,415,5.7,403.6,5.7,389.1,5.9,375.7,5.8,360.8,5.3,315.7,5.4,302.5,4.9,262.3,4.8,230.7,4.7,217.2,4.6,196.4,4.4,178.8,4.1,161,4,142.9
Mozambique,Africa,60.1,57.7,62.3,59,56.9,60.9,57.6,56,59.1,56.6,55.2,57.9,56.1,54.8,57.4,55.6,54.3,56.9,55,53.8,56.2,54.5,53.3,55.5,53.5,52.5,54.4,52.4,51.5,53.1,51.5,50.6,52.3,50.9,50,51.8,50.4,49.3,51.4,49.9,48.7,51,49.5,48.2,50.7,49,47.7,50.3,48.5,47,49.8,5.4,63.7,5.5,62.9,4.7,50.3,5.1,52.1,4.4,42.4,5.1,46,5,42.5,4.6,38,5.4,42.3,6.2,44,6.4,41.9,5,30.2,5.3,29.7,3.9,20.6,4.3,20.5,3.7,15.8
Myanmar,Asia,66.8,64.6,68.9,66.5,64.3,68.7,66.2,64,68.4,65.8,63.5,68.1,65.4,63,67.7,65,62.6,67.3,64.6,62.4,66.8,64.3,62.1,66.4,58.2,55.5,60.9,63.7,61.5,65.8,63.4,61.3,65.5,63.1,61,65.2,62.8,60.6,64.9,62.5,60.4,64.6,62.2,60.1,64.3,61.9,59.8,63.9,61.6,59.5,63.6,4.9,267.2,4.9,245.5,2,91.1,1.9,82.2,1.7,65.8,1.9,67.7,2,68.3,1.8,59.7,1.6,50.8,1.7,46.5,1.8,42.7,1.9,39.1,2,34.1,2.1,31,1.8,24.2,1.8,21.9
Namibia,Africa,63.7,61.1,66.1,63.4,60.9,65.7,63.6,60.8,66.1,63.3,60.4,65.9,62.7,59.8,65.4,61.8,59.2,64.3,61,58.7,63.2,60.6,58.2,62.7,59.6,57.2,61.8,57.3,55.5,59.1,55.2,53.6,56.6,53.7,52.4,54.9,52.9,51.8,53.9,53.3,52.1,54.4,54,52.7,55.3,55,53.4,56.4,55.9,54.2,57.6,8.9,942.5,8.2,827.9,8.6,827.6,9.2,839.2,9.7,847.3,9.5,784.8,8.2,644.7,9.9,777,10.9,833.9,12.1,855.9,12.4,801.7,11,680.1,11.1,600.6,10.4,534,11.3,503.4,11.5,487.9
Nepal,Asia,70.2,68.8,71.6,69,67.5,70.5,69.4,68,70.8,69.1,67.7,70.5,68.7,67.3,70.1,68.3,67,69.7,67.9,66.6,69.2,67.4,66.2,68.7,66.9,65.7,68.2,66.4,65.2,67.6,65.8,64.6,67,65.1,63.8,66.3,64.3,63,65.6,63.9,62.7,65,62.8,61.4,64.1,62.9,61.8,63.8,62.2,61.3,63.1,6.1,150.6,5.8,139,5.7,127.2,5.2,110.7,5.1,103.1,5,96.8,4.5,82.5,4.4,77.4,4.2,69.5,4,63.8,4.5,67.6,4.6,65.7,4.4,59.7,4.6,58.5,4.4,57,3.6,46.8
Netherlands,Europe,81.6,80,83.2,81.5,79.7,83.1,81.7,80,83.3,81.4,79.5,83.1,81.1,79.3,82.9,81.1,79.3,82.9,80.8,78.8,82.7,80.8,78.7,82.7,80.5,78.5,82.4,80.4,78.2,82.4,79.9,77.8,81.9,79.5,77.3,81.6,79.3,77,81.5,78.8,76.4,81,78.5,76.1,80.8,78.4,75.9,80.8,78.2,75.6,80.6,10.7,5313.2,10.9,5338,10.9,5316.3,10.9,5100.4,10.5,4857.1,10.4,4649.3,10.2,4525.4,9.5,4370.6,9.2,4020.3,9.2,3732.6,9.3,3457.9,8.5,3024.3,8.5,2855.9,8,2711,7.4,2458.2,7.1,2236.6
New Zealand,Oceania,82.2,80.5,84,82,80.3,83.7,81.9,80.1,83.6,81.9,80,83.7,81.4,79.5,83.2,81,79.2,82.7,81.2,79.3,83.1,80.7,78.7,82.7,80.4,78.4,82.3,80.3,78.2,82.4,80.1,78.1,82.1,80.1,78,82.2,79.5,77.3,81.5,79.3,77.1,81.5,79,76.7,81.2,78.7,76.3,81,78.8,76.2,81.3,9.3,3530.1,9.4,3453.3,9.4,3346.4,9.7,3156.8,9.6,3106.5,9.7,3006.4,9.7,2954.5,9.1,2718.2,8.3,2440,8.6,2396.5,8.3,2123.6,7.9,1985.5,7.7,1852.8,7.9,1834.4,7.6,1693.8,7.5,1606.3
Nicaragua,North America,75.5,72.5,78.4,75.2,72.2,78.2,75,72,77.9,74.7,71.7,77.7,74.5,71.4,77.4,74.2,71.1,77.2,73.9,70.8,76.8,73.6,70.5,76.5,73.2,70.1,76.2,72.7,69.6,75.7,72.3,69.3,75.3,71.8,68.8,74.8,71.3,68.4,74.2,70.9,68,73.7,70.5,67.6,73.3,70.1,67.3,72.8,69.7,66.9,72.4,7.8,406,7.6,377.6,7.4,346.9,7.5,336.6,7.1,299.5,6.5,256.6,7.1,272,6.6,261,6.5,246.7,5.7,202.4,5.5,186.2,5.4,171,4.8,144.3,5.3,154.2,5.1,146.9,5.2,143.6
Niger,Africa,59.8,59,60.8,59.2,58.3,60.2,58.9,58.1,59.8,58.3,57.6,59.2,57.8,57,58.6,57.1,56.4,57.9,56.3,55.6,57,55.4,54.8,56,54.5,54,55.2,53.8,53.2,54.3,52.9,52.4,53.5,52.1,51.6,52.6,51.2,50.7,51.7,50.4,50,50.9,49.7,49.2,50.1,48.9,48.5,49.4,48.2,47.7,48.6,7.2,68.5,5.9,55.5,6.1,55.1,6,52.7,6.5,51.7,6.2,49.8,6.8,51.5,6.7,52.6,7,50.9,7.5,53.2,7.2,48.3,6.4,39.4,5.7,36.7,6,37.5,5.9,35.9,5.7,32.4
Nigeria,Africa,55.2,54.7,55.7,54.8,54.3,55.3,54.3,53.8,54.8,53.8,53.4,54.2,53.2,53,53.5,52.8,52.5,53,52.4,52.1,52.6,51.9,51.6,52.2,51.4,51.1,51.6,50.9,50.6,51.1,50.2,49.9,50.5,49.5,49.2,49.8,48.8,48.5,49.1,48.3,47.9,48.6,47.9,47.5,48.3,47.6,47.2,48,47.3,46.9,47.8,3.6,215.2,3.3,199,3.4,192.5,3.3,180.8,3.3,173.6,3.3,164.9,3.5,293.8,3.7,266.3,3.8,255.9,3.9,238.4,3.8,212.9,4,211.3,4.5,179.6,2.1,82.3,2.7,103.6,2.6,87.1
Norway,Europe,82.5,80.6,84.3,82.3,80.5,84.1,82.2,80.2,84.2,81.9,79.8,83.8,81.6,79.6,83.5,81.3,79,83.5,81.1,78.9,83.2,81,78.8,83.2,80.8,78.4,83,80.6,78.4,82.8,80.5,78.3,82.7,80.3,77.9,82.6,80.1,77.6,82.4,79.7,77.2,82.1,79.1,76.6,81.7,79,76.4,81.6,78.8,76,81.4,10,6221.6,9.3,6177,8.9,6018.3,8.8,5774.4,8.8,5492.1,8.9,5200.6,9.1,5061,8,4945.3,8.1,4523.7,7.9,4302.5,8.3,3995.4,8.8,3764.5,9.2,3562,9,3429.1,8,3044.6,7.7,2854.7
Oman,Asia,77,75.3,79.5,76.8,75.1,79.3,76.6,74.9,79.1,76.4,74.6,78.9,76.1,74.4,78.6,75.9,74.1,78.4,75.6,73.8,78.2,75.4,73.6,77.9,75.2,73.3,77.7,74.8,73,77.3,74.7,72.8,77.1,74.4,72.5,76.8,74.1,72.2,76.4,73.7,71.8,76,73.4,71.5,75.7,73.1,71.2,75.3,72.7,70.9,74.9,3.8,1635.9,3.5,1497.2,2.8,1208.6,2.6,1117.5,2.6,1074.3,2.7,1218.9,2.8,1250.1,2,868.7,2.4,983.4,2.3,900.9,2.6,955.2,3,1066.2,3.2,1119.9,3.2,1155.8,3.1,1134.1,3.1,1067.7
Pakistan,Asia,66.5,65.7,67.4,66.1,65.2,67,65.9,65,66.8,65.8,65,66.7,65.6,64.8,66.5,65.4,64.6,66.2,65,64.1,65.9,64.7,63.8,65.6,64.4,63.6,65.3,64.1,63.4,65,63.9,63.2,64.6,62.6,61.8,63.4,63.5,63,64.2,63.4,62.9,64,63.3,62.8,63.9,63.1,62.6,63.7,62.9,62.4,63.5,2.7,134.4,2.7,131.2,2.6,120.2,2.4,104.9,2.4,101.6,2.6,109,2.6,109.1,3,120,3.3,126.8,3.2,115.2,2.9,104.3,2.5,83,2.6,79.6,2.9,84.3,2.9,81,3.1,85.5
Panama,North America,78,75,81.2,77.9,74.9,81.1,77.8,74.9,80.8,77.6,74.7,80.7,77.3,74.1,80.7,77.3,74.3,80.6,76.7,73.5,80.1,76.9,73.6,80.4,76.6,73.6,80,76.6,73.7,79.8,76.4,73.6,79.4,76,73.5,78.8,76.1,73.5,79,75.8,73,78.9,76,73.3,79,75.7,72.9,78.9,75.8,72.9,79,7,1542.8,6.8,1432.5,6.6,1301,6.1,1132.2,6,1020.6,6.6,1002.7,6.5,929.2,6.5,935.2,6.6,868.6,6.9,761.9,6.6,655.3,7.5,692,7.1,605.9,7.5,609.9,7.4,587.8,7.5,589.6
Papua New Guinea,Oceania,65.9,63.6,68.3,65.7,63.4,68.1,65.5,63.2,67.8,65.2,63,67.6,65,62.7,67.3,64.8,62.6,67.1,64.6,62.4,66.9,64.4,62.2,66.7,64.2,62,66.5,63.8,61.6,66.1,63.4,61.3,65.7,63.1,60.9,65.3,62.7,60.6,65,62.5,60.4,64.7,62.3,60.1,64.5,62.1,60,64.4,61.9,59.8,64.2,3.8,98.6,4.5,115.6,4.9,124.2,3.7,89.4,3.2,72.4,3.1,63.2,3.3,64.1,3.1,57.2,3.6,63.1,3.7,59.1,3.7,57.8,4.1,60.7,3.8,54.2,3.5,48.3,3.2,44.7,3,43
Paraguay,South America,74.2,72.4,76.1,74.1,72.2,76,74,72.1,75.9,73.8,72,75.8,73.7,71.9,75.6,73.6,71.8,75.5,73.4,71.6,75.3,73.1,71.3,75,72.8,71,74.7,72.5,70.7,74.5,72.3,70.5,74.2,72.1,70.2,74,71.9,70.1,73.8,71.7,69.9,73.6,71.6,69.8,73.5,71.4,69.5,73.3,71.1,69.2,73,7.8,724.3,7.6,682.9,7,593.4,7.6,567.4,6.7,505,6.2,444.7,6.2,392.3,5.5,363.6,5.4,332.8,5.3,307.7,5,271.4,5,262.3,4.9,246.4,4.7,223.6,5.5,263.2,5.8,277.6
Peru,South America,75.9,73.4,78.3,75.6,73.2,78.1,75.4,73,77.9,75.2,72.8,77.7,75,72.6,77.4,74.8,72.4,77.2,74.6,72.1,77,74.3,71.8,76.8,74.1,71.7,76.6,73.8,71.3,76.3,73.5,71.1,76,73.2,70.8,75.7,72.9,70.5,75.3,72.5,70.1,75,72.1,69.7,74.6,71.7,69.3,74.1,71.3,69,73.7,5.3,671,5.1,621.8,4.8,572.6,4.7,529.3,4.6,479.4,4.7,463.6,4.9,447.1,4.4,401.2,4.4,358.1,4.5,330.8,4.6,303.2,4.8,298.8,5,301.5,5,287.8,4.8,260.2,4.4,235.1
Philippines,Asia,69.3,66.2,72.6,69.2,66.1,72.5,69,65.9,72.3,68.7,65.6,72.1,68.6,65.5,71.9,68.5,65.4,71.9,68.3,65.2,71.6,67.9,64.7,71.3,67.9,64.7,71.3,67.8,64.6,71.3,67.3,64.1,70.7,67.1,64,70.6,67.4,64.2,70.8,67.2,64.1,70.6,66.8,63.8,70.1,66.9,63.8,70.1,66.9,63.9,70.1,4.4,322.8,4.2,290.8,4.5,291.3,4.4,266.8,4.2,240.1,4.3,236.5,4.4,222.7,4,205.4,3.9,191.3,3.9,178.9,3.9,166,3.2,127,3.2,119,2.7,97.2,2.9,101.7,3.2,105.6
Poland,Europe,77.8,73.8,81.6,77.4,73.4,81.3,77.6,73.6,81.5,77,72.9,81,76.7,72.6,80.8,76.6,72.4,80.8,76.3,72,80.4,75.8,71.5,80,75.6,71.3,79.9,75.4,71,79.7,75.3,71,79.6,75,70.8,79.3,75,70.7,79.3,74.8,70.6,79,74.6,70.4,78.8,74.2,70,78.4,73.7,69.5,77.9,6.3,1704.2,6.2,1607.5,6.4,1576.4,6.2,1477.9,6.2,1424.5,6.4,1354.4,6.6,1269.5,6.4,1167.3,5.9,985.4,5.8,878.5,5.8,806.8,5.9,783.3,6,730.5,6.1,716,5.7,631.8,5.3,563.9
Portugal,Europe,81.5,78.3,84.5,81.3,78.2,84.3,81.2,78.1,84.2,80.9,77.7,83.8,80.5,77.4,83.5,80.5,77.4,83.5,80,76.8,83,79.8,76.7,82.9,79.6,76.4,82.7,79.3,76,82.5,78.9,75.6,82.1,78.6,75.3,81.8,78.3,74.9,81.6,77.6,74.3,80.9,77.5,74,80.9,77.2,73.6,80.7,76.9,73.3,80.4,9,2661.4,9,2594.6,9.1,2530.9,9.3,2466.5,9.5,2548.7,9.8,2686.5,9.9,2618.7,9.4,2492,9.1,2331.8,9.1,2255.9,9.4,2146.8,9.3,1999.7,8.9,1857.5,8.6,1747.2,8.4,1651.1,8.4,1586.9
Qatar,Asia,78.1,77.3,79.9,78,77.1,79.7,77.9,77,79.6,77.7,76.9,79.5,77.6,76.8,79.3,77.4,76.6,79.1,77.2,76.3,78.9,76.9,76,78.7,76.7,75.8,78.6,76.7,75.7,78.5,76.7,75.7,78.5,76.8,75.7,78.4,76.7,75.6,78.3,76.6,75.5,78.1,76.5,75.4,78,76.3,75.4,77.9,76.2,75.3,77.7,3.1,3900.3,2.4,3084.7,2.1,2634.9,1.7,2230.9,1.6,2069.6,1.8,2193.8,2.1,2435.7,1.6,1840.3,2,2209.3,2.2,2397.9,2.6,2511.7,3.1,3087.6,3.5,3189.1,2.5,2237.6,2.3,2027.3,2,1724.7
Republic of Korea,Asia,82.7,79.5,85.6,82.3,79.1,85.3,82.2,78.8,85.3,81.8,78.4,84.9,81.3,77.9,84.4,81.1,77.6,84.3,80.7,77.2,83.9,80.6,77,83.8,80.2,76.7,83.4,79.7,76.3,82.9,79.3,75.9,82.5,78.7,75.3,81.9,78.3,74.8,81.6,77.8,74.3,81.2,77.4,73.8,80.7,77,73.3,80.5,76.3,72.5,79.9,7.4,2556,7.1,2414.1,6.9,2268.2,6.7,2170,6.6,2056,6.5,1976,6.4,1799.3,5.8,1661.4,5.7,1563,5.5,1406.6,5.1,1216.5,4.8,1086.8,4.8,1008.5,4.4,902.4,4.5,861.9,4,717.3
Republic of Moldova,Asia,71.5,67.6,75.3,70.8,66.9,74.6,70.8,67,74.6,71.3,67.6,75,70.6,66.6,74.5,70.5,66.6,74.4,68.8,64.7,72.9,69.2,65.2,73.2,69.3,65.4,73.1,68.7,64.8,72.5,68.3,64.4,72.2,67.7,63.7,71.6,68.4,64.5,72.3,68,64.4,71.5,67.9,64.2,71.6,68,64.2,71.7,67.4,63.6,71,10.2,515.3,10.3,515.8,10.3,485.2,10.9,461.9,10.9,456,12.2,465.7,13.7,482.7,11,409.2,11,372.1,10.5,335.9,9.6,281.1,9,237.3,7,167.8,7.1,155.7,6.1,122,5.8,106.8
Republic of North Macedonia,Asia,75.9,73.8,78,75.7,73.6,77.8,75.6,73.5,77.7,75.6,73.6,77.8,75.1,73.1,77.2,75,73,77.1,74.8,72.7,77.1,74.7,72.5,76.9,74.5,72.4,76.6,73.9,71.7,76.1,74.1,71.8,76.5,74,71.7,76.4,73.9,71.6,76.3,73.6,71.1,76.2,73.2,70.5,76,73.3,70.7,76.1,73,70.7,75.4,6.1,857.1,6.2,828.5,6.5,782.1,6.4,745.5,6.6,762.9,7,785.9,7,755.1,7,723.8,7,637.5,8.1,665.6,8.4,620,8.9,613.8,9.6,598.1,8.6,544.9,3.7,222.7,3.9,236.3
Romania,Europe,75.2,71.6,79,74.9,71.3,78.7,74.9,71.3,78.7,75.1,71.5,78.7,74.5,70.9,78.2,74.4,70.8,78.1,73.6,69.8,77.5,73.4,69.6,77.3,73.4,69.6,77.2,73.3,69.7,77,72.8,69.3,76.4,72.3,68.8,75.9,72.1,68.5,75.9,71.5,67.8,75.3,71.1,67.4,74.9,71.1,67.5,75,71.1,67.6,74.7,5,1090.4,5,1045,5.2,1027.3,4.7,891.6,4.7,839.5,5.7,978.4,5.5,875.8,5.2,839,5.1,679.1,5,584,5.5,529.2,5.4,490.7,5.2,404.6,4.6,326.3,4.3,282.2,4.2,245.8
Russian Federation,Europe,71.9,66.4,77.2,71.5,66,76.9,71.1,65.6,76.6,70.7,65.1,76.2,70.2,64.5,75.8,69.9,64.1,75.6,68.9,63,74.8,68.7,62.8,74.7,67.9,61.8,74.2,67.6,61.5,74,66.7,60.5,73.3,65.2,58.8,72.3,65.1,58.7,72.2,64.6,58.2,71.7,64.8,58.5,71.8,65,58.7,72.1,65,58.7,72,5.6,1414,5.7,1339.9,5.5,1261.1,5.3,1269.8,5.1,1159.9,5.3,1089.5,5.9,1169.8,5.2,1056.9,5.1,844.9,5.1,760.3,5.1,604,5.1,521.9,5.5,512.2,5.9,475.9,5.6,414.3,5.4,367.6
Rwanda,Africa,68,66.1,69.9,67.6,61.9,69.4,67.2,61.1,67.1,63.7,60.4,68.3,66,59.7,67.6,65.2,58.9,65.7,61.6,62.6,64.9,59.9,56.1,64.2,61.9,60.4,63.3,58.8,55.2,62.2,57.8,53.3,59,54.1,51,57.1,51.9,52,54.6,51.2,47.4,51.7,48.8,46,50.2,46.5,46.8,48.3,46.6,46.2,48.4,7.9,143.2,8.2,141.9,7.9,131.2,8.5,135.9,8.9,134.5,9.3,129.3,9.2,119.2,8.7,113.6,8.7,103.3,8.3,91.9,7.5,68,7.4,62,7.6,58.8,4.4,33.5,4.4,29.8,4.6,29.4
Saint Lucia,North America,75.6,73,78.3,75.4,72.8,78.2,75.1,72.5,77.7,75,72.3,77.7,74.9,72.4,77.5,75,72.4,77.6,74.7,72,77.4,74.6,72,77.3,74.2,71.7,76.8,73.8,71.3,76.3,73.2,70.7,75.6,72.5,70,75,72.2,69.9,74.5,72.1,70,74.3,72.3,70.2,74.3,72.3,70.3,74.3,72.2,70.2,74.1,6,681.4,5.8,641.3,7.3,791,6.9,748.1,6.9,740.9,6.6,703.4,6.2,663.1,6.1,656.6,6,619.2,5.4,543.2,5.6,509.1,5.5,499.6,5.5,453.4,5.6,429.3,5.4,411,4.9,388.9
Saint Vincent and the Grenadines,North America,72,69.4,74.9,72.3,69.7,75.1,71.9,69.4,74.7,71.8,69.5,74.2,71.9,69.8,74.2,72.1,70.1,74.2,72.1,70.1,74.2,72.2,70.4,74,72,70.1,74,71.9,70,73.9,71.5,69.3,73.8,71.2,68.9,73.5,70.9,68.7,73.3,70.9,68.8,73.1,70.9,68.9,73.1,70.9,68.8,73.1,70.9,68.8,73,4.2,469.5,4.2,461.4,4.4,461.6,4.5,458.9,4.3,424.5,4.4,431.4,4,401.6,3.9,390.9,3.6,349,3.5,324.9,3.7,310.5,3.8,299.4,4,295.2,4,267.7,3.7,230.6,3.8,229.1
Samoa,Oceania,75.1,72,78.4,74.8,71.8,78.2,74.6,71.6,78,74.4,71.4,77.8,74,71,77.4,73.7,70.7,77.1,73.3,70.2,76.7,71.1,68,74.6,72.8,69.8,76.3,72.5,69.5,75.9,72.1,69.2,75.6,71.6,68.6,75.1,71.4,68.4,74.8,70.8,67.9,74.3,70.4,67.5,73.9,70.3,67.4,73.8,70,67.1,73.5,5.6,335.9,6,361.4,6.1,350.6,4.9,282.3,5.4,316.3,5.3,288.8,5.7,298.7,4.8,278.2,4.4,263.5,5.6,246,5.2,231.6,5.1,200.5,4.7,175.6,5.7,198.2,5,167.5,5.5,168.3
Sao Tome and Principe,Africa,68.7,66.7,70.7,68.5,66.6,70.5,68.3,66.3,70.2,68.1,66.1,69.9,67.7,65.7,69.6,67.3,65.3,69.4,67,65,69,66.6,64.5,68.6,66.1,64.1,68.2,65.8,63.8,67.8,65.4,63.4,67.4,64.9,63,66.7,64.5,62.6,66.3,64.2,62.3,66,63.8,62,65.6,63.4,61.7,65.2,62.9,61.2,64.7,9.8,308.4,8.9,271,9.1,261.6,7.3,211.1,5.5,151.3,5.3,136.4,7.2,180,4.9,119.5,6.6,147.3,6.9,151.9,12.1,234.9,11.5,221.8,13.1,243.3,11.5,201.1,12.6,219.1,9.7,167.5
Saudi Arabia,Asia,74.8,73.5,76.5,74.6,73.3,76.3,74.4,73.2,76.1,74.3,73,75.9,74.2,72.9,75.8,74,72.7,75.6,73.8,72.5,75.4,73.6,72.3,75.2,73.5,72.2,75.1,73.4,72.1,75,73.3,72,75,73.3,72,74.9,73.3,71.9,74.9,73.2,71.8,74.8,73,71.6,74.7,72.9,71.4,74.6,72.7,71.1,74.5,5.8,3121.3,5.1,2674.5,4.4,2243.7,3.9,1981.9,3.6,1754.7,3.5,1551,4.1,1760.2,2.9,1238.4,3.5,1398.2,3.5,1343.8,3.4,1222.7,3.6,1191.6,4,1220.6,4.3,1222.2,4.5,1298.7,4.2,1222.4
Senegal,Africa,66.8,64.7,68.7,66.4,64.4,68.3,66,64,67.8,65.5,63.6,67.4,65.1,63.2,66.8,64.5,62.7,66.1,63.9,62.3,65.4,63.2,61.8,64.5,62.5,61.1,63.7,61.5,60.3,62.7,60.7,59.4,61.9,60,58.6,61.3,59.2,57.7,60.7,58.5,56.9,60,57.9,56.3,59.4,57.3,55.8,58.8,56.8,55.4,58.2,4,97.1,3.9,93.5,3.8,88.2,3.8,85.2,3.9,85.2,4,85.8,4.2,87,4.3,89.2,4.1,83,4.6,89.4,4.6,86.3,5.6,98.9,5.4,89.9,5.1,79.6,5,78.5,4.6,70.1
Serbia,Europe,76.3,73.8,78.9,75.9,73.4,78.5,76,73.4,78.5,75.9,73.3,78.5,75.5,72.9,78.1,75.2,72.6,77.7,74.9,72.4,77.4,74.6,72,77.2,74.5,71.9,77.1,74.3,71.6,77,74.1,71.4,76.7,73.4,70.8,76.1,73.4,70.7,76.1,73.2,70.6,75.8,73.1,70.4,75.7,73.1,70.5,75.8,72.5,69.8,75.2,9.4,1323.7,9.8,1355.8,9.9,1360.2,9.9,1296.6,9.7,1250,10.1,1219.2,9.9,1171.5,10.1,1197.1,10,1049.8,9,865.1,8.7,759,8.2,664.8,8.1,584.7,8.1,548.1,6.9,422.3,6.5,371.6
Seychelles,Africa,73.3,69,78,73.1,69,77.8,72.9,68.7,77.8,72.8,68.6,77.6,72.6,68.5,77.5,72.4,68.3,77.3,72.3,68.2,77.2,72.2,68,77.1,72.1,68,77,72.1,67.9,76.9,72.1,67.9,76.8,72.2,68,76.8,72,67.9,76.6,72.1,68,76.5,72,67.9,76.5,71.9,67.8,76.4,71.7,67.5,76.4,3.4,867.3,3.4,836.4,3.5,812.8,4.4,955.4,3.5,723.6,3.6,702.5,2.6,470.2,2.6,477.8,3.3,605.3,3.7,609.8,3.9,581.8,4.3,572.4,4.7,638.3,4.2,608.5,4.4,638.7,4.6,674.2
Sierra Leone,Africa,53.1,52.5,53.8,51.4,50.7,52,49.6,48.9,50.2,51.7,51.2,52.3,51.1,50.6,51.6,50.2,49.7,50.8,49.2,48.6,49.8,48.1,47.4,48.8,47.1,46.3,47.9,46.2,45.4,47,45.2,44.3,46.2,44.2,43.1,45.4,43.4,42,44.7,42.5,41.1,43.9,41.7,40.4,43.1,40.9,39.8,42,39.8,39,40.7,18.3,256.3,19.7,351.6,11.6,198.1,8.9,127.2,10.6,131.5,9.2,108.4,9.9,111.6,9.1,101.4,8.9,93.8,9.2,90.3,9.8,92.6,9.8,89.6,9.6,83.4,10,81.8,9.6,64.4,9.9,71.6
Singapore,Asia,82.9,80.8,85,82.7,80.6,84.8,82.6,80.4,84.7,82.4,80.1,84.6,82.2,80,84.4,82,79.7,84.2,81.8,79.3,84.2,81.7,79.3,84,81.2,78.9,83.5,80.8,78.4,83.2,80.8,78.5,83,80.4,78.1,82.7,80.2,77.9,82.5,79.5,77.1,81.9,79.2,77,81.5,79.1,76.8,81.4,78.5,76.2,80.8,4.3,3681.3,3.9,3323.2,3.7,3048.9,3.4,2619.4,3.2,2385.1,3.2,2277.3,3.4,2104.5,3.2,2034,2.9,1780.9,3,1687.9,3,1592.7,3.2,1538.7,3.6,1608.4,3.4,1445.9,3.2,1321.9,3.4,1411.7
Slovakia,Europe,77.4,73.8,80.9,77.1,73.5,80.6,76.9,73.3,80.4,76.6,72.9,80.1,76.2,72.5,79.8,75.9,72.1,79.6,75.5,71.6,79.2,75.3,71.4,79,74.9,70.9,78.9,74.6,70.6,78.5,74.5,70.5,78.5,74.2,70.2,78.2,74.3,70.4,78.2,74,70,78.1,73.9,69.8,78,73.6,69.5,77.7,73.2,69.1,77.4,6.9,2062,6.9,2011.5,7.5,2102.9,7.6,2035.6,7.4,1918.7,7.8,1951.3,8,1838.1,7,1651.5,7.2,1521.6,6.9,1295.1,6.6,1096.4,6.5,984.9,5.5,771.5,5.5,733.2,5.3,662.2,5.3,601.7
Slovenia,Europe,80.9,78,83.7,80.6,77.6,83.5,80.9,78,83.7,80.3,77.2,83.3,80,77,82.9,79.9,76.8,82.9,79.5,76.2,82.8,79.1,75.8,82.4,79,75.5,82.3,78.3,74.6,81.9,78.2,74.4,81.9,77.6,74,81,77.3,73.5,80.9,76.6,72.6,80.5,76.7,72.7,80.5,76.4,72.3,80.3,76.1,72.3,79.8,8.5,2733.8,8.5,2651,8.8,2589.7,8.7,2519.1,8.5,2463,8.6,2381.5,8.6,2363.2,7.8,2338.1,7.5,2076.1,7.8,2014.6,8,1910.1,7.9,1807.1,8.1,1708.5,8,1624,7.9,1498,7.8,1404.8
Solomon Islands,Oceania,71.1,69.7,72.7,70.9,69.5,72.4,70.5,69.1,72,70.4,69.1,71.9,70.2,68.9,71.6,70,68.7,71.4,69.7,68.4,71.1,69.3,68,70.7,69.1,67.9,70.4,68.5,67.2,69.9,68.5,67.3,69.8,68.2,66.9,69.5,67.9,66.6,69.2,67.5,66.3,68.9,67.2,66,68.5,66.8,65.7,68.1,66.5,65.5,67.6,8,173,8.4,177.8,6.8,150.8,9.3,190.7,7.5,148.3,7.4,128.6,7.9,130.4,8.1,142,8.7,143.1,9.1,143.7,10.1,149.9,8.5,110.1,7.9,95.7,8.7,100,9,107.2,5.8,70
Somalia,Africa,55.4,53.7,57.3,55.6,54.1,57.1,55.1,53.6,56.7,54.8,53.4,56.3,53.9,52.2,55.6,53.7,52.1,55.3,53,51.4,54.7,52.7,51.2,54.3,52.2,50.7,53.8,51.7,50.1,53.3,51.6,50.1,53.1,51.6,50.3,53,51.4,50,52.8,51.4,50,52.9,51.3,49.9,52.8,51.3,49.9,52.7,51.1,49.7,52.5,0,0,0,0,0,0,0,0,0,0,0,0,0,0,0,0,0,0,0,0,0,0,0,0,0,0,0,0,0,0,0,0
South Africa,Africa,63.6,60.2,67,63.3,60,66.7,62.8,59.3,66.3,61.9,58.3,65.5,60.7,57.3,64.2,59.1,56.4,61.8,58,55.6,60.4,56.8,54.3,59.2,55.6,53.5,57.7,54.8,52.9,56.6,54.4,52.6,56.2,54.4,52.6,56.2,54.9,53,56.9,55.8,53.6,58.1,56.8,54.4,59.4,57.9,55.2,60.7,59,56.1,62,8.2,1086.4,7.9,1029.3,7.7,981.9,7.8,964.4,7.5,908.6,7.4,863.7,7.1,804.1,6.5,753.9,6.4,711.4,6.6,680.8,6.7,644,6.8,609.1,6.9,582.7,6.9,559.8,7.5,583.5,7.4,562.4
South Sudan,Africa,58.6,57.7,59.6,58.2,57.3,59.1,57.3,56.2,58.4,57.1,56.1,58.1,57,56.1,57.8,56.4,55.5,57.3,55.9,55.1,56.7,55,54.1,55.9,54.3,53.3,55.2,53.6,52.6,54.6,53,52,54,52.4,51.4,53.4,51.9,50.8,52.9,51.4,50.3,52.5,50.9,49.8,52,50.4,49.2,51.5,49.7,48.5,50.9,2.5,71.2,2.1,53.4,2.1,45.6,2.6,47.6,0,0,0,0,0,0,0,0,0,0,0,0,0,0,0,0,0,0,0,0,0,0,0,0
Spain,Europe,83.1,80.3,85.7,82.7,79.9,85.4,83,80.2,85.7,82.9,80,85.7,82.4,79.5,85.2,82.4,79.4,85.2,82.1,79.1,85.1,81.8,78.8,84.8,81.5,78.4,84.5,81.1,77.9,84.3,81.1,77.8,84.3,80.4,77.1,83.6,80.4,77.1,83.7,79.8,76.5,83.1,79.9,76.5,83.3,79.7,76.3,83.2,79.4,75.9,82.8,9.2,3182.5,9.1,3057.9,9,2936.3,9.1,2899.2,9.1,2920.2,9,2891.2,9,2922.3,8.3,2791,7.8,2578.8,7.8,2412.3,7.7,2144.1,7.6,2013.5,7.5,1902.8,6.8,1673.4,6.8,1564.7,6.8,1470.2
Sri Lanka,Asia,75.3,72.1,78.5,75.2,72.1,78.3,75.1,72,78.2,75,71.9,78.1,75,71.9,78,74.8,71.6,78,74.7,71.3,78.1,71.9,67.3,76.7,72.2,67.8,77,73.6,69.8,77.7,73.8,70,77.8,74.3,70.8,78,69.2,65.4,73.3,74.1,70.6,77.8,73.9,70.5,77.5,72.9,69.5,76.5,71.6,68.2,75.2,3,353.1,2.8,319.6,2.8,294.6,2.6,264.8,2.9,270.9,3,248.3,3.7,284.4,3.5,263.3,3.6,251.7,3.7,236.8,3.8,218,3.9,208,3.7,180.3,3.9,187.1,4.1,178.7,4.1,181.7
Sudan,Africa,65.1,63.4,66.9,64.8,63.1,66.6,64.6,62.9,66.3,64.3,62.6,66,64,62.3,65.7,63.5,61.8,65.3,63.2,61.5,65,62.8,61,64.6,62.5,60.8,64.2,62.1,60.4,63.9,61.6,59.9,63.4,61.3,59.6,63.1,60.2,58.2,62.4,60,58,62,59.8,57.9,61.7,59.2,57.3,61.1,58.8,56.9,60.7,6.3,277,5.3,224.6,6.3,260.3,5.3,210.1,6.1,253,5.3,232,5.8,278.3,5.8,251.7,6,266.9,4.9,201.2,4.1,160,4.2,140.6,3.9,123.5,3.3,99,3.4,93.3,3.6,84.7
Suriname,South America,71.8,68.7,75.1,71.6,68.5,74.8,71.2,68.2,74.5,71.1,68,74.4,71,67.8,74.3,70.7,67.5,74.1,70.4,67.2,73.8,70.1,67,73.4,69.8,66.8,73.1,69.6,66.5,72.9,69.2,66.1,72.6,68.7,65.5,72.2,68.3,65.2,71.7,67.9,64.9,71.1,67.7,64.9,70.7,67.6,64.9,70.6,67.7,65,70.7,6.5,1016.9,5.8,955.6,5.7,912.1,5.7,884,5.6,833.9,5.4,759.5,5.8,768.5,5.8,744.7,5.6,685,6.3,727.6,7.7,841.6,8,819.4,8,738.8,8.3,725.3,6.8,609.6,8.4,694.7
Sweden,Europe,82.4,80.6,84.1,82.1,80.3,84,82.3,80.4,84.1,82.1,80.2,83.8,81.8,80,83.6,81.8,79.8,83.7,81.5,79.5,83.5,81.5,79.4,83.4,81.2,79.2,83.2,81,79,83,80.9,78.8,82.9,80.6,78.4,82.7,80.4,78.3,82.6,80.3,78.1,82.5,80.1,77.9,82.2,80,77.7,82.2,79.7,77.4,82,11,5298.6,11.1,5202.1,11.1,5098.3,10.9,4910.9,10.7,4689.3,8.5,3550.3,8.9,3566.5,8.3,3493.2,8.1,3287.6,8.2,3066.5,8.3,2817.3,8.3,2777.3,8.5,2668.8,8.4,2562.3,8,2389.8,7.4,2171.4
Switzerland,Europe,83.3,81.2,85.2,83,80.9,84.9,83.3,81.2,85.2,82.9,80.8,84.9,82.8,80.6,84.8,82.7,80.5,84.8,82.4,80.1,84.5,82.1,79.8,84.3,82.1,79.7,84.3,81.8,79.3,84.1,81.6,79.1,83.9,81.2,78.6,83.6,81.1,78.5,83.6,80.6,77.9,83.1,80.5,77.7,83,80.3,77.4,83,79.8,76.9,82.6,12.1,7582.6,11.6,7145.2,11.4,6842.2,11.1,6424.9,10.8,6080.1,10.7,5714.6,10.4,5392.7,9.8,5153.5,9.6,4793,9.8,4423,10.3,4161.6,10.4,4093.2,10.4,3922.4,10.1,3819.9,9.7,3585.4,9.3,3340.7
Syrian Arab Republic,Asia,63.8,59.4,68.9,63,58.4,68.3,60,54.8,66.2,61.6,56.7,67.3,65,60.9,69.6,72.7,70.8,74.8,73.8,72.2,75.4,73.8,72.2,75.5,73.7,72,75.5,73.6,71.9,75.5,73.5,71.7,75.5,73.4,71.6,75.4,73.3,71.3,75.4,73.2,71.3,75.4,73.2,71.2,75.3,73.1,71.1,75.3,73,71,75.2,0,0,0,0,0,0,3.6,159.7,3.3,184.9,3.4,169.5,3.5,175.3,3.4,161,3.7,171,3.8,167.5,4.1,171.6,4.5,175.2,5.1,186.2,4.9,172,4.7,152.8,4.6,144.9
Tajikistan,Asia,70.8,68.7,73,70.6,68.5,72.8,70.4,68.4,72.6,70.3,68.3,72.4,70.1,68.2,72.2,70,68.1,72,69.7,67.9,71.7,69.7,67.8,71.7,69,67.1,71,68.4,66.6,70.2,67.9,66,69.9,67.4,65.4,69.5,67.6,65.7,69.6,67,65.2,68.9,66.4,64.5,68.3,66.1,64.1,68.1,65.5,63.4,67.6,6.9,192.7,6.7,180.5,6.3,160.1,6,142.2,6,131.8,5.8,120.5,5.9,116.1,5.9,113.1,5.5,98.3,5,82,5.2,79.1,4.8,67.5,4.7,59.7,4.2,48.4,4.3,44.4,4.3,40.3
Thailand,Asia,75.5,71.8,79.3,75.3,71.6,79.1,75.1,71.4,78.9,74.8,71.1,78.7,74.6,71,78.4,74.3,70.7,78,74,70.6,77.6,73.7,70.4,77.1,73.4,70.2,76.7,73.2,69.9,76.5,72.8,69.6,76.2,72.3,69,75.7,71.4,68,74.9,71.5,68,75,71.2,67.7,74.9,70.9,67.3,74.7,70.6,66.9,74.6,3.8,610.2,3.7,579.7,3.5,528.1,3.5,518.4,3.8,483,3.6,448,3.9,441.6,3.7,424,3.4,379.3,3.3,342.1,3.4,324.3,3.4,301.5,3.5,287.2,3.5,272.2,3.2,231.1,3.2,225.9
Timor-Leste,Asia,68.6,66.8,70.4,68.3,66.6,70.1,68,66.4,69.8,67.8,66.2,69.5,67.6,66.1,69.2,67.4,65.9,68.9,67.1,65.7,68.4,66.6,65.4,67.9,66.1,65,67.2,65.4,64.3,66.4,64.3,63.3,65.4,63.1,61.9,64.3,61.9,60.5,63.3,60.8,59.3,62.4,60.2,58.8,61.7,59.7,58.3,61,59.1,57.9,60.4,3.1,141.3,2.3,149.8,1.7,149.9,1.2,129.8,1.2,122,1.3,109.8,1.6,105.9,1,95.5,1.1,69.6,1,66.7,1.3,59.2,1.7,45.1,2.8,34.5,2.4,30.8,0,0,0,0
Togo,Africa,60.6,59.7,61.5,60.2,59.4,61.1,59.9,59.1,60.7,59.6,58.8,60.4,59.2,58.4,60,58.6,57.8,59.4,57.8,57,58.5,57,56.2,57.7,56.4,55.6,57.2,56.1,55.3,56.9,55.9,55.1,56.7,55.4,54.5,56.2,55.3,54.4,56.1,55.1,54.2,55.9,55,54.1,55.9,54.9,54,55.9,54.9,53.9,55.9,6.6,95.6,6.5,89.6,6.6,87.2,6.1,78.5,6.2,75.9,6.3,75.1,5.2,60.5,4.6,52.5,4.6,52.1,4.4,48.3,4.2,44.6,4.3,44.1,4.4,44,3.9,38.1,3.8,37.4,3.8,38.1
Tonga,Oceania,73.4,70.5,76.4,73.3,70.4,76.2,73.1,70.3,76.1,73,70.2,75.9,72.9,70.1,75.8,72.8,70,75.7,72.7,70,75.6,72.4,69.6,75.3,72.6,69.9,75.4,72.5,69.8,75.3,72.4,69.8,75.1,72.3,69.7,74.9,72.1,69.7,74.7,72,69.6,74.4,71.8,69.6,74.1,71.6,69.5,73.8,71.5,69.5,73.5,5.9,323.8,5.2,278.2,5,254.7,5,261,4.5,231.9,4.9,241.7,4.6,213.4,6.1,280,5.4,237.8,5.6,248.5,4.6,204.7,4.7,197.1,4,166.3,4.3,171.8,4.2,161.5,4.1,151.5
Trinidad and Tobago,North America,71.8,68.2,75.6,71.7,68.2,75.4,71.6,68,75.3,71.4,67.8,75.1,71.2,67.7,74.9,71.1,67.6,74.7,70.9,67.5,74.5,71,67.5,74.6,70.1,66.6,73.8,70.5,67.3,73.9,70.5,67.3,73.8,69.9,66.6,73.4,69.9,66.7,73.3,69.6,66.3,73.1,69.7,66.6,73.1,69.3,66,72.8,69.4,66.3,72.7,6,2204.1,5.2,1853.2,5.1,1749.1,5.2,1586,5.1,1458.4,5.2,1470.6,6,1753.4,4.1,1247.6,4.4,1290.8,4.2,1151.7,4.9,1153.2,4.6,985.7,4.7,911.2,4.6,772,4.2,641.4,4,584.3
Tunisia,Africa,76,74.1,78.1,75.8,73.9,77.8,75.6,73.7,77.6,75.4,73.5,77.5,75.3,73.3,77.4,75.1,73,77.3,74.9,72.7,77.2,74.7,72.5,77.1,74.6,72.3,77.1,74.4,72.1,77,74.2,71.9,76.8,74.1,71.8,76.7,73.9,71.6,76.5,73.7,71.4,76.2,73.4,71.2,76,73.2,70.9,75.7,72.8,70.6,75.4,6.7,774.1,6.8,772.7,6.9,751.4,6.6,700,6.4,651,5.9,601.6,5.6,559.6,5.4,520.6,5.4,496.1,5.4,453.4,5.4,423,5.5,403.6,5.5,373.3,5.4,346.2,5.1,322.1,5,303.1
Turkey,Asia,76.4,73.3,79.4,76.1,73,79.2,75.9,72.8,78.9,75.6,72.5,78.7,75.2,72.1,78.4,74.9,71.7,78.1,74.6,71.3,77.8,74.2,71,77.5,73.8,70.5,77.2,73.5,70.2,76.9,73.1,69.8,76.5,72.7,69.5,76.1,72.4,69.2,75.7,72,68.9,75.3,71.7,68.5,75,71.3,68.1,74.7,70.9,67.7,74.3,4.1,996,4.3,1005.6,4.4,983.5,4.5,924.2,4.7,921.7,5.1,882.4,5.5,857.9,5.3,844,5.3,783.6,5.2,707.1,4.9,587.4,5,539,5.1,485.8,5.1,475.9,4.9,454.9,4.6,442.6
Turkmenistan,Asia,68.2,64.7,71.7,67.8,64.2,71.3,67.4,63.8,71.2,67.3,63.7,71,67.2,63.8,70.7,66.8,63.3,70.4,66.6,62.8,70.5,66.3,62.5,70.3,65.3,61.5,69.3,65.1,61.1,69.3,65,60.9,69.2,64.5,60.5,68.7,64.7,60.7,68.8,64.3,60.3,68.5,63.8,59.8,67.9,64,60,68.2,63.5,59.4,67.8,6.3,1003.8,5.5,830.2,5.2,705.5,4.8,595.1,4.9,549,5,486.7,4.8,430.8,5.9,501.7,5.3,389.4,8.4,550,9.6,552.6,10.6,530,8.5,399.4,7,315.4,8.1,363.5,6.9,291.3
Uganda,Africa,62.5,60.2,64.8,62.1,59.7,64.5,61.3,58.8,63.8,60.5,58.3,62.7,59.5,57.8,61,58.6,57.1,60.1,57.6,56.1,59.1,56.6,55.1,58.1,55.4,53.9,56.8,54.5,53,56,53.9,52.2,55.4,52.2,50.4,53.8,50.3,48.5,52.1,49.2,47.4,50.9,47.9,46.1,49.8,46.9,45.1,48.7,45.9,44,47.8,7.3,138.5,7.3,132.7,7.2,125.9,7.8,133.9,8.6,162.5,10.7,170.3,7.7,134.2,7.6,160.2,11.7,153.7,12,145.4,11.3,125.1,10.5,99.2,9.2,90.1,9.4,88.3,8.6,75.6,8,67.1
Ukraine,Europe,72.5,67.6,77.1,72.1,67.2,76.8,70.8,65.5,76,71,65.9,75.9,70.7,65.6,75.6,70.6,65.6,75.5,69.9,64.9,74.8,69.3,64.1,74.5,67.8,62.1,73.6,67.4,61.8,73.5,67.6,62.1,73.4,66.9,61.3,72.9,67.3,61.7,73.1,67.4,62,73.1,67.5,62,73.3,67.7,62.2,73.4,67.5,62,73.1,6.1,469.4,6.1,510.7,6.9,603.6,6.8,577,6.2,518,6.4,488,6.4,478.4,5.3,465.3,5.8,484.8,6.2,462.8,6.1,410.4,5.9,373.8,6.3,342.2,5.8,278.3,5.5,246.1,5.3,210.1
United Arab Emirates,Asia,77.2,76.5,78.7,77,76.4,78.5,76.9,76.2,78.4,76.8,76.1,78.2,76.6,76,78.1,76.5,75.8,77.9,76.3,75.6,77.7,76.1,75.4,77.6,75.9,75.2,77.4,75.7,75,77.2,75.5,74.8,77,75.3,74.6,76.8,75.1,74.3,76.5,74.8,74,76.3,74.7,73.9,76.1,74.5,73.7,75.9,74.3,73.5,75.7,3.5,2425.8,3.7,2452.1,3.6,2331.9,3.4,2112.1,3.7,2142,3.9,2225.8,4,2405.8,2.9,2026,2.6,1924.3,2.3,1898.4,2.3,1915.1,2.5,2103.5,2.6,2194,2.7,2166.3,2.5,2007.8,3.5,1942.1
United Kingdom of Great Britain and Northern Ireland,Europe,81.4,79.7,83.2,81.1,79.3,82.9,81.4,79.5,83.2,81.2,79.3,83,81.1,79.3,82.9,81.1,79.1,82.9,80.6,78.6,82.5,80.4,78.3,82.4,79.9,77.8,81.9,79.7,77.6,81.8,79.5,77.3,81.6,79.1,76.9,81.2,79,76.7,81.1,78.4,76.2,80.6,78.3,75.9,80.6,78.2,75.8,80.5,77.9,75.5,80.2,9.9,4144.6,9.8,4008.8,9.9,3862,8.5,3186.9,8.5,3095.1,8.5,3053.3,8.6,2962.2,7.7,2802.9,7.5,2643.4,7.4,2544.7,7.2,2345.1,7.1,2251.2,6.9,2063.8,6.6,1900.2,6.4,1741.1,6,1567.8
United Republic of Tanzania,Europe,63.9,62,65.8,63.4,61.3,65.4,62.7,60.6,64.7,61.8,59.8,63.8,60.6,58.8,62.3,60.2,58.6,61.8,59.4,58.1,60.6,58.5,57.3,59.8,57.9,56.6,59.2,56.4,55.1,57.7,55.1,53.8,56.4,54.2,52.8,55.6,53.5,52,55,52.8,51.2,54.4,52.1,50.4,53.7,51.4,49.7,53,50.7,49,52.4,6.1,96.5,6.4,101.7,6.6,105.5,7.7,112.1,0,114.4,0,105.4,0,96.9,0,103.4,0,123,0,125.8,0,99.8,0,99.9,0,86.3,0,71.3,0,60.8,0,48.3
United States of America,Europe,78.5,76,81,78.6,76.2,81,79,76.6,81.3,78.9,76.6,81.2,79,76.6,81.2,78.8,76.5,81.1,78.7,76.3,81.1,78.6,76.1,81,78.3,75.8,80.7,78.2,75.7,80.6,77.9,75.4,80.4,77.6,75.1,80.1,77.7,75.1,80.1,77.3,74.7,79.8,77.1,74.5,79.7,77,74.4,79.6,76.9,74.2,79.5,16.8,9535.9,16.5,9059.5,16.3,8634.6,16.4,8432.5,16.4,8160.8,16.4,7949.9,16.3,7696.5,15.3,7420.1,14.9,7176.6,14.7,6820.6,14.5,6453.1,14.5,6101.5,14.5,5738.9,14,5330,13.2,4912.7,12.5,4561.9
Uruguay,South America,77.1,73.2,80.8,76.8,73,80.6,76.9,72.9,80.7,76.5,72.5,80.3,76.2,72.2,80.1,76.3,72.4,80.1,76,72.1,79.9,76.3,72.3,80.2,76.2,72.3,79.8,75.2,71.3,79,76,72.1,79.8,75.4,71.7,79,75.1,71.4,78.8,75,71.2,78.7,75,71.2,78.9,74.9,71.1,78.7,74.8,70.8,78.8,9.2,1747.8,9.1,1754.1,9.1,1690.8,8.9,1604.1,8.3,1492.8,8.4,1404.6,8.5,1304,7.9,1168,7.9,1072.1,8.9,1107.5,8.6,997.5,9.2,958.6,10.1,973.1,9.8,920.4,9.7,968.9,9.1,926.6
Uzbekistan,Asia,72.3,69.7,75,72.1,69.4,74.8,71.9,69.2,74.6,71.6,69,74.3,71.2,68.4,73.9,71,68.3,73.7,70.9,68.3,73.6,71,68.3,73.8,70.4,67.7,73.2,69.7,67,72.5,69.1,66.3,71.9,68.4,65.6,71.3,68.9,66.1,71.7,68.1,65.4,70.9,67.7,64.9,70.5,67.8,65,70.7,67.3,64.4,70.2,6.2,382.8,5.9,341.6,5.9,308.1,6,287.7,5.6,247.7,5.5,224.3,5.1,195.9,5,172,4.9,160.1,5.6,161,5.3,144,5.3,130.5,5.4,122.5,5.4,117.1,5.3,109,5.3,104
Vanuatu,Oceania,72,70.1,74.1,71.8,69.9,73.9,71.5,69.7,73.6,71.6,69.8,73.6,71.5,69.7,73.5,71.4,69.7,73.3,71.2,69.6,73.1,71,69.4,72.8,70.8,69.2,72.6,70.5,68.9,72.3,70.2,68.7,72,69.9,68.5,71.7,69.7,68.2,71.5,69.5,68.1,71.2,69.3,67.9,71,69.1,67.7,70.8,68.9,67.5,70.6,3.5,106.1,3.6,110.2,5.4,162.9,2.7,79.1,2.3,66,2.8,80.1,2,58.6,1.3,37.1,1.4,37.9,2,50,1.9,44.3,2,44.9,1.7,35.9,1.6,32,1.7,37.6,1.4,30.7
Venezuela (Bolivarian Republic of),South America,74.1,69.5,79,73.9,69.4,78.9,73.9,69.3,78.8,73.9,69.4,78.8,73.6,69.1,78.6,73.7,69.4,78.3,73.6,69.3,78.3,73.5,68.9,78.6,73.2,68.5,78.3,73.3,68.8,78.3,73.5,69.2,78.1,73.4,69.4,77.8,73,68.9,77.4,72,67.8,76.6,72.7,68.9,76.8,72.1,68.2,76.4,72.2,68.2,76.5,3.2,579.4,3.6,640.1,3.5,641.6,3.7,669.4,4.8,821.8,4.5,733.8,5.1,845.8,4.4,759,4.5,737,4.1,611.5,4,538.4,4.2,498.9,4.4,438.4,4.4,474.7,4.7,553.2,4.4,502.2
Viet Nam,Asia,76.3,71.7,80.9,76.2,71.5,80.7,76,71.3,80.6,75.8,71.1,80.5,75.7,70.9,80.4,75.5,70.7,80.3,75.4,70.6,80.2,75.3,70.4,80.1,75.2,70.2,80.1,75,70,80,74.9,69.9,79.8,74.7,69.8,79.7,74.5,69.6,79.4,74.3,69.4,79.1,73.9,69.1,78.8,73.6,68.8,78.5,73.3,68.5,78.2,5.7,334.3,5.8,320.7,6.4,331.3,6.5,318.1,5.8,266.9,5.9,252.9,5.2,209.5,5,193.3,5.3,192.9,5.3,174.9,5,151,4.7,130.3,4.2,105.7,4.1,95.9,5.2,113.4,4.4,89
Yemen,Asia,65.3,63.9,66.8,64.5,62.8,66.2,65.1,63.7,66.5,65.1,63.8,66.4,64.6,63.1,66.1,64.6,63.2,66.1,64.5,63.2,65.9,64.3,63,65.6,64,62.7,65.3,63.7,62.4,65,63.3,62,64.6,62.9,61.6,64.2,62.5,61.2,63.8,62,60.7,63.3,61.5,60.3,62.8,61.1,59.8,62.4,60.7,59.5,62,6,144.5,5.6,192.1,5.8,198.8,5.7,200.7,5,182.2,5.2,226.9,5.3,249,5.1,234.8,4.9,229.9,4.6,211.6,4.6,192.6,4.9,192.5,5,193.5,4.2,157.9,4.3,157.5,4.1,144
Zambia,Africa,62.3,60.2,64.4,61.7,59.8,63.6,61.2,59.3,63.1,60.5,58.5,62.3,59.6,57.7,61.5,58.6,56.7,60.5,57.5,55.7,59.3,56,54.3,57.6,54,52.7,55.3,51.6,50.5,52.6,50.1,49.1,51,48.8,47.9,49.7,47.6,46.7,48.4,46.4,45.5,47.2,45.7,44.8,46.6,45,44,46.1,44.4,43.2,45.6,5.4,203,5.1,191.7,5.1,179.8,4.8,168.1,4.6,162.1,4.6,147.9,5.2,127.5,5.5,112.8,4.8,99.4,5.3,117.9,7.4,148,7.4,144.6,8.4,137.8,7.7,122.6,7.3,114.5,7.9,119.2
Zimbabwe,Africa,61.4,59.6,63.1,60.8,59,62.4,59.9,58.2,61.5,58.6,56.4,60.7,57.3,55,59.5,55.5,53.6,57.3,52.9,51.5,54.2,50.6,49.4,51.8,48.9,47.6,50,47.4,46.2,48.6,46.3,45.2,47.4,45.5,44.5,46.5,45,44.1,45.9,44.9,44,45.9,45,44,46,45.4,44.3,46.5,45.9,44.6,47.3,10.3,182.3,8.9,158.3,7.7,132.4,8.3,138.1,9.3,141.1,11.6,156.7,0,0,0,0,0,0,0,0,0,0,0,0,0,0,0,0,0,0,0,0
