Country,Bothsexes16,Male16,Female16,Bothsexes6016,Male6016,Female6016,Bothsexes15,Male15,Female15,Bothsexes6015,Male6015,Female6015,Bothsexes14,Male14,Female14,Bothsexes6014,Male6014,Female6014,Bothsexes13,Male13,Female13,Bothsexes6013,Male6013,Female6013,Bothsexes12,Male12,Female12,Bothsexes6012,Male6012,Female6012,Bothsexes11,Male11,Female11,Bothsexes6011,Male6011,Female6011,Bothsexes10,Male10,Female10,Bothsexes6010,Male6010,Female6010,Bothsexes09,Male09,Female09,Bothsexes6009,Male6009,Female6009,Bothsexes08,Male08,Female08,Bothsexes6008,Male6008,Female6008,Bothsexes07,Male07,Female07,Bothsexes6007,Male6007,Female6007,Bothsexes06,Male06,Female06,Bothsexes6006,Male6006,Female6006,Bothsexes05,Male05,Female05,Bothsexes6005,Male6005,Female6005,Bothsexes04,Male04,Female04,Bothsexes6004,Male6004,Female6004,Bothsexes03,Male03,Female03,Bothsexes6003,Male6003,Female6003,Bothsexes02,Male02,Female02,Bothsexes6002,Male6002,Female6002,Bothsexes01,Male01,Female01,Bothsexes6001,Male6001,Female6001,Bothsexes00,Male00,Female00,Bothsexes6000,Male6000,Female6000
Afghanistan,62.7,61,64.5,16.3,15.5,17.1,63.2,61.8,64.7,16.3,15.5,17.1,63,61.7,64.4,16.2,15.4,17,62.7,61.5,64.1,16.2,15.4,16.9,62.2,60.9,63.6,16.1,15.3,16.8,61.7,60.5,63.1,16,15.3,16.8,61.2,59.9,62.5,15.9,15.2,16.7,60.7,59.5,62.1,15.9,15.1,16.6,60.2,59,61.6,15.8,15,16.6,59.6,58.4,61,15.7,15,16.5,59.2,58,60.5,15.6,14.9,16.4,58.9,57.8,60.1,15.5,14.8,16.3,58.4,57.4,59.6,15.4,14.7,16.2,58,56.9,59.1,15.4,14.7,16.1,57.4,56.5,58.5,15.2,14.5,16,56.5,55.3,57.9,15.2,14.5,15.9,55.9,54.6,57.3,15.1,14.5,15.9
Albania,76.4,74.3,78.6,20.8,19.4,22.3,76.1,74.2,78.2,20.4,19.1,21.8,76.1,74,78.5,20.7,19.3,22.2,75.7,73.6,78.1,20.4,19,22,75.2,73,77.7,19.9,18.5,21.6,75.1,72.6,78.2,20.2,18.3,22.7,74.7,72.5,77,19.8,18.6,21.2,74.4,72.3,76.7,19.6,18.4,20.9,74.2,72.1,76.5,19.4,18.1,20.7,74.1,71.9,76.4,19.2,17.9,20.5,73.9,71.8,76.2,19,17.8,20.3,73.5,71.6,75.6,18.9,17.7,20.4,73.3,71,75.8,18.6,17.2,20.1,72.9,70.8,75.2,18.4,17.1,19.8,73.5,71.4,75.9,19.1,17.7,20.5,74,71.6,76.7,19.6,18.1,21.3,73.1,70.4,76,18.9,17.3,20.8
Algeria,76.4,75.4,77.4,21.9,21.4,22.5,76.2,75.3,77.2,21.8,21.3,22.3,76.1,75.1,77.1,21.7,21.2,22.2,75.9,75,76.9,21.6,21.1,22.1,75.8,74.8,76.8,21.5,21,22,75.6,74.6,76.6,21.4,20.9,21.9,75.4,74.4,76.4,21.3,20.7,21.8,75.1,74.1,76.1,21.1,20.6,21.7,74.8,73.8,75.8,21,20.5,21.5,74.4,73.4,75.5,20.9,20.3,21.4,74,72.9,75,20.6,20.1,21.2,73.4,72.3,74.6,20.4,19.8,20.9,72.8,71.6,74,20.1,19.4,20.7,72,70.7,73.3,19.7,19,20.4,71.7,70.4,73,19.5,18.8,20.2,71.2,69.9,72.5,19.2,18.4,19.9,70.8,69.4,72.2,18.9,18.2,19.7
Angola,62.6,60.3,64.9,17.3,16.5,18.1,62.2,59.9,64.5,17.3,16.4,18.1,61.7,59.4,64,17.2,16.3,18,61,58.8,63.3,17.1,16.2,17.9,60.4,58.1,62.6,17,16.2,17.8,59.5,57.2,61.8,16.9,16,17.6,58.4,56.1,60.7,16.7,15.8,17.4,57.3,55,59.6,16.5,15.7,17.2,56.1,53.9,58.4,16.3,15.5,17,55,52.8,57.2,16.1,15.3,16.8,53.8,51.7,56,15.9,15.1,16.6,52.7,50.6,54.8,15.8,15,16.4,51.5,49.4,53.7,15.6,14.8,16.2,50.5,48.4,52.6,15.4,14.6,16,49.4,47.3,51.5,15.2,14.4,15.8,48.2,46,50.4,15,14.2,15.6,47.3,45.2,49.5,14.7,13.9,15.4
Antigua and Barbuda,75,72.5,77.5,19.7,17.7,21.7,75,72.5,77.4,19.7,17.7,21.6,74.6,72.1,77.1,19.5,17.5,21.5,74.8,72.5,77,19.8,18,21.4,74.8,72.5,77,19.9,18.2,21.5,75,72.6,77.2,20.1,18.5,21.5,74.7,72.4,76.9,20.2,18.7,21.4,74.5,72.1,76.7,20.1,18.6,21.5,74,71.6,76.3,20,18.2,21.6,73.8,71.3,76.2,19.8,18.1,21.4,73.5,71.3,75.6,19.6,18.2,20.9,73.4,71.4,75.3,19.4,18.3,20.3,73.3,71.5,75.1,19.2,18.1,20.2,73.3,71.4,75.2,19.2,17.8,20.4,73.4,71.1,75.7,19.3,17.6,20.8,73,70.3,75.5,19.1,17.2,20.9,72.5,69.7,75.1,18.6,16.6,20.4
Argentina,76.9,73.5,80.3,21.8,19.2,24.1,76.8,73.3,80.1,21.7,19.1,24,76.7,73.2,80,21.7,19.1,23.9,76.3,72.8,79.7,21.4,18.8,23.7,76.2,72.7,79.7,21.4,18.8,23.8,76,72.5,79.3,21.2,18.7,23.4,75.7,72.3,79,21,18.4,23.2,75.8,72.3,79.2,21.3,18.6,23.6,75.7,72,79.2,21.2,18.5,23.5,75,71.5,78.5,20.5,17.9,22.8,75.4,71.9,78.9,20.9,18.3,23.2,75.1,71.6,78.6,20.6,18,23,74.9,71.4,78.3,20.5,17.9,22.8,74.2,70.6,77.9,20.1,17.5,22.5,74.2,70.4,78,20.3,17.6,22.7,74,70.3,77.7,20.2,17.6,22.5,74,70.2,77.7,20.2,17.6,22.6
Armenia,74.8,71.2,78.1,19.6,17.4,21.4,74.6,70.9,77.9,19.5,17.3,21.3,74.5,70.9,77.7,19.3,17.2,21.1,74.5,71,77.6,19.4,17.5,21.1,74,70.4,77.3,19.3,17.3,21.1,73.6,69.8,77.1,19.1,17,21,73.3,69.5,76.7,18.9,16.8,20.7,73,69.4,76.4,18.8,16.9,20.5,73,69.3,76.4,18.8,16.8,20.6,73.2,69.7,76.5,18.9,17,20.6,72.6,69.1,75.9,18.6,16.8,20.2,72.7,69.2,75.9,18.6,16.6,20.3,72.6,69.3,75.7,18.5,16.6,20.1,72.3,69,75.3,18.3,16.4,19.9,72.1,68.9,75.1,18.4,16.6,19.9,72.2,68.9,75.2,19,17.1,20.5,71.7,68.5,74.6,18.7,16.9,20.1
Australia,82.9,81,84.8,25.6,24.3,26.9,82.6,80.6,84.5,25.3,24,26.7,82.7,80.7,84.6,25.4,24,26.8,82.8,80.8,84.8,25.5,24,26.9,82.5,80.6,84.5,25.3,23.8,26.6,82.2,80.1,84.3,25,23.4,26.5,82,79.9,84.2,24.9,23.3,26.4,81.9,79.7,84.1,24.8,23.2,26.4,81.5,79.3,83.7,24.4,22.8,25.9,81.5,79.3,83.7,24.4,22.8,26,81.4,79.2,83.7,24.4,22.7,26,81,78.6,83.3,24,22.3,25.7,80.8,78.4,83.2,23.9,22.1,25.6,80.6,78.1,83,23.7,21.8,25.4,80.2,77.7,82.6,23.3,21.5,25.1,80.1,77.5,82.6,23.3,21.4,25.1,79.6,77,82.3,23.1,21.1,24.9
Austria,81.9,79.4,84.2,24.4,22.5,26.1,81.4,78.9,83.8,24,22,25.7,81.7,79.2,84,24.3,22.4,26,81.3,78.8,83.8,24,22.1,25.8,81,78.5,83.5,23.8,21.9,25.5,81,78.3,83.5,23.9,21.9,25.7,80.6,77.8,83.3,23.6,21.6,25.4,80.4,77.6,83,23.5,21.4,25.2,80.6,77.8,83.1,23.6,21.6,25.3,80.3,77.5,83,23.5,21.4,25.2,80.1,77.2,82.7,23.3,21.2,25,79.6,76.7,82.3,23,20.9,24.7,79.6,76.6,82.3,23,20.8,24.7,79.1,76.2,81.8,22.6,20.4,24.3,79,76,81.8,22.5,20.3,24.3,78.9,75.9,81.7,22.5,20.3,24.3,78.4,75.3,81.2,22.1,19.8,23.9
Azerbaijan,73.1,70.3,75.7,18.9,17.2,20.5,72.9,70.2,75.5,18.8,17.1,20.3,72.6,69.9,75.3,18.7,17,20.2,72.3,69.7,74.9,18.6,16.9,20.1,71.9,69.3,74.5,18.5,16.8,19.9,71.6,68.9,74.3,18.4,16.7,20,71.1,68.6,73.5,18.1,16.5,19.4,70.9,68.3,73.3,18,16.4,19.4,70.4,67.7,73,17.8,16.2,19.2,70.4,67.9,72.8,17.9,16.5,19.2,69.4,66.7,72,17.3,15.8,18.5,68.7,66,71.3,17.1,15.7,18.3,68.7,66.1,71.2,17.1,15.7,18.4,68.1,65.6,70.5,17,15.5,18.3,68,65.5,70.4,17.3,15.7,18.7,67.5,65,69.9,17.5,15.9,18.8,66.5,63.8,69,17.1,15.5,18.4
Bahamas,75.7,72.6,78.6,22.6,20.7,24.1,75.6,72.4,78.5,22.5,20.7,24.1,75.2,72.1,78.1,22.4,20.6,24,75.2,72.1,78.1,22.4,20.5,23.9,75.2,72.2,78.1,22.3,20.4,23.8,75.3,72.3,78.1,22.2,20.3,23.6,75.2,71.9,78.2,22,20.2,23.5,74.7,71.3,77.9,21.9,20,23.3,74.5,71.2,77.7,21.7,19.9,23.2,74.2,70.9,77.4,21.6,19.8,23.1,73.9,70.7,76.9,21.5,19.7,22.9,73.6,70.4,76.7,21.3,19.6,22.8,73.1,69.9,76.3,21.2,19.4,22.6,72.4,69.1,75.5,21,19.3,22.5,72.1,68.9,75.3,20.9,19.2,22.3,72,68.8,75.2,20.8,19.1,22.2,72,68.8,75.1,20.6,18.9,22
Bahrain,79.1,78.6,79.6,21.7,21.5,22,78.8,78.3,79.4,21.5,21.2,21.7,78.3,77.7,79.1,21.1,20.8,21.5,78.3,77.9,78.9,21.2,21,21.3,77.7,77.3,78.2,20.6,20.3,20.9,77.2,76.5,77.9,20,19.5,20.5,77.2,76.5,77.8,20,19.4,20.6,76.9,76.2,77.8,20,19.6,20.4,76.2,75.4,77.3,19.4,18.9,20,75.9,74.9,77.4,19.3,18.7,20.1,75,74.3,75.9,18.7,18.2,19.1,74.7,74.1,75.6,18.3,17.9,18.7,74.1,73.7,74.7,17.9,17.9,18,73.9,73.2,74.8,17.6,17.2,18.2,73.7,72.5,75.4,17.6,16.7,18.8,73.7,72.6,75.1,17.7,16.9,18.5,73.2,72.5,74.1,17.4,17.2,17.6
Bangladesh,72.7,71.1,74.4,19.6,18.6,20.9,72.2,70.7,74,19.5,18.4,20.8,71.8,70.3,73.5,19.4,18.3,20.7,71.4,69.9,73.1,19.2,18.2,20.5,70.9,69.6,72.6,19.1,18.1,20.3,70.5,69.2,71.9,18.9,18.1,19.9,69.9,68.9,71.1,18.7,18,19.4,69.4,68.5,70.4,18.4,18,18.9,69,68.2,69.8,18.2,18,18.5,68.5,67.7,69.3,18.1,17.9,18.3,68.2,67.5,68.9,18.1,17.9,18.3,67.8,67.2,68.5,18,17.8,18.3,67.4,66.8,68,18,17.8,18.2,67,66.5,67.5,17.9,17.7,18.2,66.6,66.1,67,17.9,17.7,18.1,66,65.7,66.4,17.8,17.6,18,65.5,65.2,65.7,17.7,17.6,17.8
Barbados,75.6,73.1,78,19.8,18.1,21.5,75.5,72.9,77.9,19.7,18,21.4,75.3,72.8,77.7,19.7,17.9,21.3,75.2,72.7,77.6,19.6,17.8,21.2,74.8,72.1,77.4,19.5,17.7,21.1,74.9,72.4,77.3,19.4,17.6,21,74.7,72.2,77.1,19.3,17.6,20.9,74.6,72.1,76.9,19.3,17.5,20.8,74.4,72,76.8,19.2,17.4,20.8,74.4,72,76.6,19.1,17.4,20.7,74.3,72,76.6,19.1,17.3,20.6,74.2,71.9,76.4,19,17.3,20.5,74.1,71.7,76.3,19,17.2,20.5,73.8,71.3,76.1,18.9,17.2,20.4,73.6,71.1,75.9,18.8,17.1,20.3,73.5,71.1,75.8,18.8,17.1,20.2,73.4,71,75.6,18.7,17,20.1
Belarus,74.2,68.8,79.2,19.6,15.9,22.3,73.8,68.6,78.8,19.3,15.7,21.9,73.3,67.9,78.5,19.1,15.5,21.9,72.7,67.3,77.9,18.8,15.3,21.4,72.2,66.6,77.6,18.5,15,21.3,70.5,64.6,76.6,17.9,14.3,20.7,70.2,64.4,76.2,17.5,13.9,20.3,70.2,64.5,76,17.5,14,20.2,70.1,64.3,76,17.5,14,20.1,69.9,64.2,75.7,17.4,14.1,20,69,63.2,75,16.9,13.6,19.5,68.3,62.5,74.5,16.5,13.1,19.1,68.4,62.7,74.4,16.4,13.1,19,67.9,62.2,74.1,16.2,12.9,18.7,67.4,61.8,73.5,16,12.8,18.5,67.9,62.3,73.9,16.3,13.2,18.7,68.3,62.8,74,16.6,13.6,18.9
Belgium,81.2,78.8,83.5,24.1,22.2,25.8,80.9,78.6,83.2,23.8,22,25.5,81.2,78.7,83.6,24.2,22.2,25.9,80.6,78.1,83.1,23.7,21.7,25.5,80.4,77.8,82.9,23.6,21.6,25.4,80.5,77.9,83,23.7,21.7,25.5,80.2,77.5,82.7,23.4,21.4,25.2,80.1,77.4,82.6,23.4,21.4,25.2,79.9,77.1,82.6,23.3,21.2,25.1,79.8,77.1,82.4,23.3,21.2,25.1,79.7,76.9,82.4,23.1,21,25,79.2,76.4,81.9,22.7,20.6,24.6,79.2,76.2,82,22.8,20.6,24.7,78.6,75.7,81.4,22.3,20.2,24.1,78.4,75.4,81.4,22.2,20,24.2,78.3,75.2,81.3,22.2,20,24.2,77.9,74.8,81,21.8,19.5,23.9
Belize,70.5,67.9,73.4,17.1,15.8,18.6,70.3,67.7,73.2,17,15.8,18.5,70.1,67.6,72.9,17,15.8,18.4,70,67.5,72.8,16.9,15.7,18.4,69.9,67.4,72.8,16.9,15.7,18.4,69.9,67.4,72.7,16.9,15.8,18.4,69.8,67.4,72.7,16.9,15.8,18.4,69.8,67.4,72.6,17,15.8,18.4,69.8,67.4,72.5,17,15.8,18.3,69.8,67.5,72.5,17,15.8,18.4,69.7,67.2,72.4,17,15.7,18.3,69.4,66.8,72.2,16.9,15.7,18.3,69.1,66.5,72.1,16.8,15.6,18.2,68.9,66.2,72,16.8,15.5,18.1,68.8,66.1,71.9,16.7,15.5,18.1,68.5,65.9,71.5,16.6,15.4,18,68.7,66.1,71.6,16.6,15.4,18
Benin,61.1,59.7,62.4,17.2,16.6,17.7,60.7,59.3,62,17.2,16.5,17.7,60.4,59,61.7,17.1,16.5,17.6,60.2,58.8,61.5,17.1,16.5,17.6,59.9,58.5,61.2,17.1,16.4,17.5,59.6,58.2,60.9,17,16.4,17.5,59.3,57.9,60.6,16.9,16.3,17.4,58.9,57.5,60.3,16.9,16.2,17.4,58.2,56.8,59.5,16.8,16.1,17.3,57.8,56.4,59.1,16.7,16.1,17.2,57.4,56,58.7,16.6,16,17.1,57.1,55.7,58.4,16.5,15.9,17,56.7,55.3,58,16.5,15.8,17,56.4,54.9,57.7,16.4,15.8,16.9,56.1,54.6,57.5,16.4,15.7,16.9,55.8,54.3,57.3,16.4,15.7,17,55.6,54,57.1,16.4,15.7,17
Bhutan,70.6,70.4,70.8,20.7,20.7,20.6,70.2,70,70.3,20.5,20.6,20.5,69.9,69.7,70,20.4,20.4,20.4,69.5,69.4,69.6,20.2,20.3,20.2,69.2,69.1,69.3,20.1,20.1,20.1,68.9,68.8,68.9,19.9,19.9,19.9,68.4,68.3,68.5,19.7,19.7,19.7,67.9,67.8,68,19.5,19.5,19.4,67.4,67.3,67.6,19.3,19.3,19.2,66.9,66.7,67,19.1,19.1,19,66.2,66,66.3,18.8,18.9,18.8,65.4,65.3,65.6,18.6,18.7,18.5,64.6,64.4,64.8,18.4,18.4,18.3,64,63.9,64.1,18.1,18.2,18,63.3,63.2,63.4,17.9,18,17.8,62.7,62.6,62.8,17.7,17.8,17.6,61.1,60.9,61.3,17.2,17.4,17.1
Bolivia (Plurinational State of),71.5,69.1,74,21.4,20.2,22.6,71.2,68.8,73.7,21.4,20.2,22.5,70.9,68.6,73.4,21.3,20.2,22.4,70.6,68.3,73,21.2,20.1,22.3,70.3,68,72.6,21.1,20.1,22.2,69.8,67.6,72.1,20.9,19.8,21.9,69.2,67.1,71.5,20.5,19.5,21.5,68.6,66.5,70.9,20.1,19.2,21.1,68,65.9,70.2,19.8,18.9,20.7,67.3,65.3,69.5,19.5,18.6,20.3,66.8,64.8,68.9,19.2,18.3,20,66.2,64.2,68.3,18.9,18.1,19.7,65.7,63.7,67.7,18.7,17.9,19.4,65.1,63.2,67.1,18.4,17.6,19.1,64.5,62.7,66.5,18.2,17.4,18.9,64,62.2,65.8,17.9,17.2,18.6,63.3,61.6,65.2,17.7,17,18.3
Bosnia and Herzegovina,77.3,74.8,79.8,20.7,18.8,22.3,77.1,74.5,79.6,20.5,18.6,22.1,76.8,74.1,79.3,20.2,18.3,21.9,76.7,74.1,79.3,20.2,18.3,21.9,76.7,74,79.2,20.1,18.3,21.8,76.6,73.9,79.1,20.1,18.2,21.7,76.1,73.5,78.6,19.6,17.8,21.2,75.9,73.3,78.4,19.5,17.7,21,75.8,73,78.5,19.6,17.7,21.3,75.1,72.3,77.7,19.2,17.4,20.7,75.3,72.5,77.9,19.4,17.5,21,74.5,71.6,77.3,18.7,16.7,20.3,75.1,72.4,77.5,19.1,17.3,20.6,74.9,72,77.6,19,17.1,20.6,75.2,72.4,77.8,19.3,17.4,20.8,74.7,71.6,77.7,19.1,17,20.9,74.3,71.3,77.1,18.8,16.7,20.4
Botswana,66.1,63.6,68.4,17.4,15.9,18.6,65.3,62.6,67.9,17.3,15.8,18.5,64.5,61.5,67.4,17.1,15.6,18.4,63.6,60.5,66.7,17,15.5,18.2,62.9,60.1,65.5,16.9,15.4,18.1,61.9,59.3,64.4,16.8,15.3,18,61.2,58.6,63.8,16.7,15.3,17.9,60,57.9,61.9,16.6,15.2,17.8,58.1,56.4,59.7,16.5,15,17.6,56.9,55.2,58.5,16.3,14.9,17.5,54.9,53.3,56.4,16.1,14.6,17.3,52.2,50.7,53.6,15.8,14.2,17.1,49.2,47.9,50.4,15.4,13.7,16.7,47.8,46.6,48.9,15.2,13.5,16.5,47.6,46.3,48.7,15.1,13.4,16.5,48.1,46.7,49.5,15.2,13.4,16.5,49.1,47.5,50.7,15.3,13.6,16.6
Brazil,75.1,71.4,78.9,21.7,19.7,23.4,74.9,71.2,78.6,21.5,19.5,23.2,74.7,71,78.5,21.4,19.4,23.1,74.3,70.7,78.1,21.1,19.1,22.9,74,70.4,77.8,21,19,22.7,73.6,69.9,77.3,20.6,18.6,22.4,73.3,69.7,77.1,20.4,18.5,22.2,73.2,69.5,77,20.5,18.5,22.2,73,69.3,76.8,20.3,18.3,22.1,72.8,69.1,76.6,20.2,18.2,22,72.4,68.7,76.2,20,18,21.8,72.1,68.4,76,19.8,17.8,21.6,71.4,67.6,75.3,19.3,17.4,21.2,71.1,67.3,75.1,19.2,17.2,21.1,70.7,66.9,74.7,19.1,17.1,20.9,70.4,66.5,74.4,18.9,16.9,20.8,69.9,66.1,73.9,18.7,16.7,20.5
Brunei Darussalam,76.4,75.3,77.6,20.4,19.8,21.1,76.2,75.1,77.3,20.2,19.6,20.8,76.4,75.2,77.7,20.4,19.7,21.1,76.7,75.3,78.1,20.7,19.9,21.5,76.8,75.4,78.3,20.8,20,21.7,76.7,75.4,78.1,20.7,19.9,21.4,76.5,75.2,77.8,20.4,19.7,21.1,76.4,75.1,77.7,20.3,19.6,21.1,76.3,74.9,77.8,20.3,19.4,21.3,76.1,74.6,77.7,20.2,19.3,21.2,76,74.5,77.6,20,19.1,21,75.8,74.5,77.3,19.8,19,20.7,75.6,74.4,77,19.6,18.8,20.4,75.2,73.9,76.5,19.2,18.4,19.9,74.6,73.3,76,18.6,17.9,19.4,74.1,72.8,75.5,18.2,17.6,18.9,73.7,72.3,75.1,17.8,17.2,18.5
Bulgaria,74.8,71.4,78.4,19.8,17.3,21.9,74.7,71.2,78.3,19.7,17.3,21.8,74.4,71,78,19.5,17.1,21.6,74.8,71.2,78.5,19.8,17.4,21.9,74.3,70.9,77.8,19.3,17.1,21.3,74.1,70.7,77.7,19.3,17,21.3,73.8,70.4,77.3,19.1,16.8,21,73.7,70.2,77.4,19.1,17,21.1,73.3,69.8,77,18.9,16.7,20.8,73,69.6,76.6,18.6,16.4,20.5,72.7,69.2,76.4,18.4,16.3,20.4,72.5,69.1,76.2,18.2,16.1,20.2,72.7,69.2,76.3,18.4,16.3,20.4,72.4,69,76.1,18.2,16.2,20.1,72.2,68.9,75.7,18.1,16.2,19.9,71.9,68.5,75.5,18,16.1,19.8,71.5,68.2,75,17.7,15.8,19.3
Burkina Faso,60.3,59.6,60.9,15.5,15,15.8,59.8,59.1,60.4,15.4,14.9,15.8,59.3,58.6,59.9,15.4,14.9,15.7,58.9,58.1,59.4,15.3,14.9,15.6,58.4,57.7,59,15.3,14.8,15.6,57.7,57.1,58.3,15.2,14.8,15.5,57,56.4,57.6,15.1,14.7,15.4,56.3,55.7,56.9,15,14.6,15.3,55.5,54.9,56.1,14.9,14.5,15.2,54.8,54.1,55.3,14.8,14.4,15.1,53.9,53.2,54.4,14.8,14.3,15.1,52.9,52.2,53.5,14.7,14.2,15,52.1,51.4,52.7,14.6,14,14.9,51.4,50.7,52,14.5,13.9,14.9,50.9,50.1,51.6,14.4,13.8,14.8,50.5,49.6,51.2,14.4,13.7,14.8,50.1,49.1,50.9,14.3,13.6,14.8
Burundi,60.1,58.5,61.8,16.6,15.9,17.3,59.7,58,61.4,16.5,15.9,17.2,59.3,57.7,61,16.5,15.8,17.1,59.1,57.5,60.6,16.5,15.8,17.1,58.7,57.2,60.1,16.4,15.8,17,58.1,56.8,59.5,16.4,15.7,17,57.6,56.3,58.8,16.3,15.6,16.9,56.9,55.8,58.1,16.2,15.6,16.8,56.2,55,57.3,16.2,15.5,16.8,55.6,54.5,56.6,16.1,15.4,16.7,54.9,53.7,56,16,15.4,16.7,54.1,52.9,55.4,16,15.3,16.6,53.4,52.1,54.7,15.9,15.2,16.5,52.7,51.2,54.2,15.9,15.2,16.5,52.3,50.7,53.9,15.8,15.1,16.4,52,50.4,53.6,15.8,15.1,16.3,51.4,49.6,53.3,15.7,15,16.3
CÃ´te d'Ivoire,54.6,53.6,55.7,14.3,14,14.6,53.9,53,55,14.2,13.9,14.5,53.4,52.5,54.5,14.1,13.8,14.4,53.1,52.2,54.2,14,13.8,14.4,52.9,52,53.9,14,13.8,14.4,52.9,51.9,54,14.1,13.8,14.4,52.5,51.6,53.5,14,13.8,14.3,52.1,51.3,53.1,13.9,13.7,14.2,51.9,51,53,13.9,13.7,14.2,51.2,50.4,52.3,13.8,13.6,14.1,50.7,49.8,51.8,13.6,13.4,13.9,50.1,49.1,51.1,13.4,13.1,13.7,49.4,48.5,50.4,13.1,12.9,13.5,49.1,48.2,50.2,13,12.8,13.4,49,48,50.2,13,12.8,13.4,49.2,48.2,50.2,13.1,12.9,13.4,49.2,48.3,50.2,13.2,13,13.5
Cabo Verde,73.2,71.1,75,18.6,17.2,19.7,73,71,74.7,18.6,17.2,19.6,72.7,70.7,74.5,18.5,17.1,19.5,72.5,70.5,74.2,18.4,17.1,19.4,72.3,70.3,74,18.3,17,19.3,72,70.2,73.7,18.3,17,19.2,71.8,70,73.5,18.2,16.9,19.2,71.7,69.8,73.3,18.1,16.9,19.1,71.5,69.7,73,18,16.8,19,71.2,69.4,72.8,18,16.8,18.9,71,69.2,72.6,17.9,16.7,18.8,70.7,69,72.2,17.8,16.7,18.7,70.6,68.8,72,17.8,16.6,18.7,70.4,68.7,71.9,17.7,16.6,18.6,70.2,68.5,71.6,17.6,16.5,18.5,69.9,68.2,71.3,17.5,16.5,18.3,69.4,67.7,70.8,17.4,16.4,18.2
Cambodia,69.4,67.3,71.2,17.4,16.5,18,69,67,70.8,17.3,16.5,17.8,68.7,66.7,70.5,17.2,16.4,17.7,68.3,66.4,70.1,17.1,16.3,17.7,68,66.1,69.8,17.1,16.2,17.6,67.6,65.6,69.4,17,16.1,17.7,67.1,65,69,16.9,15.9,17.7,66.5,64.2,68.5,16.8,15.7,17.7,65.8,63.4,68,16.7,15.5,17.7,65,62.6,67.3,16.6,15.3,17.7,64,61.5,66.3,16.5,15.2,17.5,62.8,60.3,65.2,16.3,15.1,17.3,61.7,59.1,64.1,16.1,15,17,60.6,58.1,63,15.9,14.9,16.7,59.6,57.1,62,15.7,14.8,16.6,58.6,56.1,61,15.6,14.7,16.4,57.7,55.3,60.1,15.5,14.6,16.2
Cameroon,58.1,56.7,59.4,16.5,15.7,17.2,57.2,55.7,58.8,16.4,15.6,17.1,56.8,55.2,58.4,16.3,15.5,17.1,56.7,55,58.4,16.3,15.5,17.1,56.3,55,57.5,16.3,15.5,17,55.8,54.6,57,16.3,15.5,17,55.4,54.2,56.5,16.2,15.5,16.9,54.9,53.8,56,16.2,15.4,16.9,54.3,53.2,55.3,16.1,15.4,16.8,53.6,52.5,54.6,16,15.3,16.7,53.1,52.1,54.1,15.9,15.2,16.5,52.3,51.4,53.3,15.7,15,16.3,51.5,50.5,52.4,15.5,14.8,16.1,50.9,50,51.8,15.3,14.7,15.9,50.4,49.5,51.3,15.2,14.6,15.8,49.9,48.9,50.8,15,14.5,15.6,49.4,48.4,50.3,14.9,14.3,15.4
Canada,82.8,80.9,84.7,25.7,24.2,27,82.6,80.6,84.5,25.5,23.9,26.8,82.4,80.4,84.3,25.3,23.8,26.7,82.1,80,84.1,25.1,23.5,26.5,82,79.9,84,25,23.4,26.5,81.8,79.8,83.8,24.8,23.2,26.3,81.6,79.4,83.6,24.6,23,26.1,81.3,79.1,83.4,24.5,22.7,26,81,78.7,83.2,24.2,22.4,25.7,80.8,78.5,83,24,22.3,25.6,80.7,78.4,83,24,22.2,25.6,80.3,77.9,82.6,23.6,21.8,25.2,80.2,77.8,82.5,23.5,21.6,25.1,79.9,77.4,82.3,23.2,21.3,24.9,79.7,77.3,82.1,23.1,21.2,24.8,79.6,77,82.1,23,21,24.7,79.3,76.7,81.8,22.7,20.7,24.6
Central African Republic,53,51.7,54.4,16,15.4,16.5,52.6,51.6,53.5,15.9,15.3,16.4,51.3,50.3,52.2,15.7,15.2,16.2,50,48.6,51.3,15.6,15,16,50.7,50,51.4,15.5,15,16,50.2,49.4,51,15.4,14.9,15.9,49.6,48.7,50.4,15.3,14.7,15.8,48.9,47.8,49.9,15.1,14.5,15.6,47.8,46.9,48.8,14.9,14.3,15.5,47,46.2,47.8,14.8,14.2,15.3,46.3,45.6,47.1,14.7,14.1,15.2,45.8,45.2,46.5,14.6,14,15,45.5,44.9,46.1,14.5,14,15,45.3,44.7,45.9,14.4,13.9,14.9,45.1,44.4,45.8,14.4,13.9,14.8,45.1,44.3,45.8,14.4,13.9,14.8,45.4,44.6,46.1,14.4,13.9,14.8
Chad,54.3,53.1,55.4,15.9,15.4,16.4,53.7,52.5,54.9,15.9,15.3,16.4,53.1,51.9,54.3,15.8,15.2,16.3,53,52,54.1,15.8,15.2,16.3,52.7,51.7,53.7,15.7,15.2,16.2,52.3,51.4,53.3,15.7,15.1,16.1,51.9,51,52.8,15.6,15.1,16.1,51.4,50.5,52.2,15.5,15,16,50.4,49.4,51.3,15.4,14.9,15.9,50.2,49.4,51,15.4,14.9,15.9,49.2,48.2,50.3,15.3,14.7,15.8,49.3,48.5,50.1,15.3,14.8,15.8,49.1,48.2,49.9,15.3,14.7,15.8,48.8,48,49.7,15.2,14.7,15.7,48.5,47.6,49.5,15.2,14.7,15.7,48.4,47.4,49.3,15.2,14.6,15.7,47.9,46.7,49.1,15.2,14.6,15.7
Chile,79.5,76.5,82.4,23.4,21.3,25.3,79.4,76.4,82.3,23.3,21.1,25.2,79.3,76.3,82.2,23.3,21,25.2,79.2,76.1,82.1,23.2,21,25.1,79,76.1,81.8,23,20.8,24.8,79,75.9,82,23.1,20.8,25,78.3,75.2,81.3,22.4,20.2,24.4,78.7,75.4,81.8,22.9,20.5,24.9,79,75.8,82,23.1,20.8,25.1,78.3,75.2,81.3,22.4,20.2,24.4,78.4,75.3,81.4,22.6,20.3,24.5,78,74.8,81.1,22.2,19.9,24.1,77.7,74.5,80.8,22,19.7,23.9,77.7,74.4,80.8,22,19.6,24,77.6,74.3,80.9,22,19.6,24,77.1,73.8,80.3,21.7,19.3,23.7,77.1,73.8,80.3,21.6,19.3,23.7
China,76.4,75,77.9,19.9,18.7,21,76.2,74.8,77.7,19.7,18.6,20.9,76,74.6,77.5,19.6,18.5,20.8,75.8,74.4,77.3,19.6,18.5,20.7,75.6,74.2,77.1,19.5,18.4,20.7,75.4,74.1,76.9,19.5,18.4,20.6,75.2,73.8,76.7,19.4,18.3,20.6,75.1,73.7,76.6,19.4,18.3,20.6,74.7,73.3,76.2,19.3,18.2,20.5,74.7,73.3,76.2,19.3,18.2,20.5,74.4,73.1,75.9,19.2,18.1,20.4,74.2,72.8,75.6,19.1,18,20.2,73.9,72.6,75.3,19,18,20.1,73.5,72.3,74.9,18.9,17.9,19.9,73.2,71.9,74.6,18.7,17.7,19.8,72.7,71.4,74.2,18.6,17.5,19.7,72.1,70.7,73.7,18.3,17.2,19.5
Colombia,75.1,71.5,78.8,21.8,20,23.5,74.9,71.3,78.6,21.7,19.8,23.3,74.7,71.1,78.4,21.5,19.7,23.2,74.4,70.9,78.1,21.3,19.4,23,74.3,70.8,78,21.2,19.5,22.9,74.2,70.6,78,21.2,19.5,22.9,73.5,69.9,77.3,20.7,19,22.3,73.5,69.8,77.4,20.8,19.1,22.5,73.4,69.9,77,20.4,18.7,22,73.4,69.9,77,20.4,18.7,21.9,73,69.4,76.7,20.1,18.4,21.7,72.9,69.3,76.6,20,18.3,21.7,72.5,68.7,76.4,20,18.3,21.6,72.1,68.3,76,19.8,18.1,21.3,71.4,67.2,75.9,19.9,18.3,21.4,71.2,67,75.6,19.7,18,21.2,71.1,66.9,75.6,19.6,18,21.2
Comoros,63.9,62.3,65.5,16.3,15.4,17.2,63.6,62,65.2,16.3,15.4,17.1,63.3,61.7,64.9,16.3,15.4,17.1,63,61.4,64.5,16.2,15.3,17,62.6,61.1,64.2,16.2,15.3,17,62.3,60.7,63.8,16.1,15.2,16.9,61.8,60.3,63.4,16,15.2,16.9,61.4,59.9,63,16,15.1,16.8,61,59.5,62.6,15.9,15.1,16.7,60.7,59.2,62.2,15.9,15,16.7,60.4,58.9,61.9,15.8,15,16.6,60.1,58.6,61.6,15.8,14.9,16.6,59.8,58.3,61.3,15.7,14.9,16.5,59.7,58.2,61.2,15.7,14.9,16.5,59.6,58.1,61.1,15.7,14.8,16.5,59.6,58.1,61.1,15.7,14.8,16.5,59.5,58,61,15.7,14.8,16.5
Congo,64.3,63,65.6,17.6,17.1,18.1,63.6,62.4,64.8,17.5,17,18,63.3,62.1,64.6,17.4,16.8,17.9,63.1,61.8,64.5,17.3,16.7,17.8,62.8,61.6,64.1,17.2,16.7,17.6,62.2,61.2,63.2,17,16.6,17.5,61.6,60.7,62.6,16.9,16.5,17.4,60.9,60,61.9,16.8,16.4,17.2,59.7,58.8,60.6,16.6,16.2,17.1,58.6,57.8,59.4,16.5,16,16.9,57.5,56.7,58.3,16.2,15.8,16.6,56,55.3,56.6,16,15.6,16.3,54.8,54.2,55.4,15.7,15.4,16,54,53.4,54.5,15.6,15.2,15.9,53.3,52.5,54,15.5,15.2,15.8,53.2,52.5,53.9,15.6,15.2,15.9,53.1,52.3,53.9,15.6,15.2,16
Costa Rica,79.6,77,82.2,24.1,22.6,25.6,79.4,76.9,82.1,24,22.5,25.5,79.4,76.8,82.2,24,22.4,25.5,79.4,76.9,82,24,22.6,25.5,79.2,76.7,81.8,23.9,22.4,25.3,79,76.5,81.7,23.7,22.2,25.2,78.3,75.6,81.1,23.2,21.6,24.7,79.4,76.8,82.1,24,22.4,25.5,79.2,76.6,81.9,23.9,22.3,25.3,79.3,76.7,82,23.7,22.2,25.2,78.3,75.5,81.2,23.2,21.5,25,78.7,76.2,81.3,23.3,21.8,24.8,77.8,75.2,80.4,22.5,21,24,77.9,75.4,80.5,22.7,21.2,24.2,78.2,75.5,81.1,23,21.3,24.7,77.4,74.9,80.1,22.2,20.7,23.7,77.4,74.8,80.2,22.2,20.6,23.9
Croatia,78.3,75,81.5,21.5,19,23.6,77.5,74.3,80.6,20.9,18.5,23,78,74.7,81.2,21.4,18.9,23.4,77.8,74.5,81.1,21.3,18.8,23.5,77.3,73.9,80.7,21,18.5,23.1,77.2,73.8,80.4,20.9,18.5,22.9,76.7,73.4,79.9,20.5,18.1,22.5,76.3,72.8,79.7,20.3,18,22.3,76,72.4,79.5,20.2,17.8,22.3,75.8,72.3,79.3,20,17.6,22.1,75.9,72.4,79.4,20.1,17.7,22,75.3,71.7,78.8,19.5,17.1,21.5,75.5,71.9,79,19.7,17.1,21.8,74.8,71.2,78.3,19.1,16.7,21.2,74.9,71.2,78.5,19.3,16.9,21.4,74.8,71.1,78.4,19.4,17,21.3,74.4,70.7,78,19.1,16.8,21
Cuba,79,76.8,81.3,22.7,21.2,24.2,78.8,76.6,81,22.5,21,24,78.6,76.5,80.9,22.4,20.9,23.9,78.8,76.6,81,22.6,21.1,24.1,78.8,76.6,81.1,22.7,21.2,24.2,78.8,76.8,81,22.6,21.1,24,78,75.9,80.2,21.9,20.4,23.4,78.2,76.2,80.3,22.2,20.7,23.6,78,76,80,22,20.6,23.4,78.2,76.1,80.3,22.2,20.9,23.6,78,75.9,80.2,22.1,20.6,23.6,77.1,75.1,79.3,21.5,20,22.9,77.4,75.3,79.5,21.7,20.3,23.2,77.4,75.4,79.5,21.9,20.5,23.3,77.7,75.5,80,22.3,20.8,23.8,76.6,74.5,78.7,21.3,19.9,22.7,76.6,74.5,79,21.5,20,23
Cyprus,80.7,78.4,83.1,22.8,21,24.7,80.5,78.2,82.9,22.7,20.9,24.5,80.2,78,82.5,22.6,20.8,24.3,80.3,77.7,82.9,22.6,20.7,24.5,80,77.8,82.2,22.2,20.6,23.8,80.1,78.2,82,22.5,21,23.8,79.8,77.3,82.3,22.4,20.6,24.1,79.5,77.1,82,22.2,20.6,23.8,79.3,77.1,81.5,22,20.4,23.5,78.8,76.5,81.1,21.7,20.2,23,79.1,77.2,81,21.8,20.4,23.1,78,76,80.1,21.2,19.8,22.6,78.4,75.9,80.9,21.4,19.7,23,78.3,76.3,80.4,21.2,19.7,22.6,78.2,76,80.5,21.3,19.7,22.8,78.5,76.2,80.8,21.5,20.1,22.9,77.4,75.3,79.7,20.8,19.2,22.3
Czechia,79.2,76.2,82.1,22.1,19.8,24.1,78.6,75.7,81.5,21.6,19.4,23.6,78.9,75.8,81.9,21.9,19.6,23.9,78.3,75.3,81.3,21.5,19.3,23.5,78.2,75.1,81.1,21.4,19.2,23.4,77.9,74.8,81,21.3,19.1,23.3,77.6,74.5,80.7,21.1,18.8,23,77.4,74.2,80.4,20.9,18.7,22.8,77.3,74.1,80.4,21,18.7,22.9,77,73.8,80.2,20.7,18.5,22.7,76.8,73.5,79.9,20.5,18.3,22.4,76.1,72.9,79.3,20.1,17.8,21.9,76,72.6,79.4,20,17.7,22,75.5,72.2,78.8,19.6,17.3,21.6,75.6,72.2,78.9,19.7,17.4,21.7,75.4,72.1,78.6,19.6,17.4,21.5,75,71.6,78.4,19.3,16.9,21.3
Democratic People's Republic of Korea,71.9,68.2,75.5,17.8,14.5,20.5,71.8,68,75.2,17.7,14.5,20.4,71.5,67.8,74.9,17.7,14.5,20.2,71.2,67.5,74.5,17.6,14.4,20.1,70.8,67.1,74.1,17.4,14.3,19.9,70.2,66.6,73.5,17.2,14.1,19.6,69.6,65.9,72.9,16.8,13.7,19.3,69,65.4,72.3,16.5,13.4,19,68.7,65.1,72,16.3,13.2,18.8,68.6,64.9,71.9,16.3,13.1,18.7,68.7,65,72,16.3,13.1,18.8,68.7,64.9,72,16.4,13.1,18.8,68.5,64.8,71.8,16.4,13.1,18.8,68.2,64.4,71.5,16.4,13.2,18.8,67.6,63.8,70.9,16.4,13.1,18.8,66.5,62.6,70,16.3,12.9,18.6,65.2,61,69,16,12.5,18.4
Democratic Republic of the Congo,60.5,58.9,62,16.9,16.3,17.4,60.1,58.5,61.6,16.8,16.2,17.4,59.6,58.1,61.1,16.8,16.2,17.3,59.1,57.5,60.6,16.7,16.1,17.2,58.6,57.1,60.1,16.6,16,17.1,58.3,56.8,59.7,16.5,15.9,17,57.8,56.3,59.2,16.4,15.8,16.9,57.1,55.7,58.6,16.3,15.7,16.8,56.7,55.2,58.2,16.2,15.6,16.7,56.1,54.7,57.6,16.1,15.5,16.6,55.5,54,56.9,16,15.4,16.5,54.8,53.3,56.2,15.9,15.3,16.4,54,52.6,55.3,15.7,15.1,16.2,53.2,51.8,54.6,15.6,15,16.1,52.4,51,53.9,15.5,14.9,16,52.2,50.9,53.5,15.4,14.8,15.9,51.7,50.4,53,15.3,14.7,15.7
Denmark,81.2,79.3,83.2,23.8,22.3,25.2,80.9,78.9,82.8,23.4,21.9,24.8,80.9,78.9,82.8,23.6,22,25,80.6,78.6,82.5,23.3,21.8,24.7,80.3,78.3,82.2,23.1,21.6,24.5,80,78,82,22.9,21.4,24.3,79.4,77.3,81.4,22.5,20.9,23.8,79.1,77.1,81.2,22.3,20.8,23.7,79,76.8,81.1,22.2,20.6,23.7,78.6,76.5,80.7,22,20.5,23.3,78.4,76.1,80.6,21.8,20.1,23.2,78.3,76.1,80.5,21.7,20,23.1,77.9,75.6,80.2,21.5,19.8,23.1,77.6,75.3,79.8,21.2,19.5,22.7,77.2,75,79.3,21,19.4,22.4,77.2,75,79.4,20.9,19.2,22.4,77.1,74.8,79.3,20.8,19.1,22.3
Djibouti,63.8,62.2,65.5,17.6,16.9,18.3,63.6,62,65.3,17.6,16.9,18.2,63.1,61.4,64.9,17.5,16.9,18.2,63,61.4,64.6,17.5,16.9,18.1,62.6,61,64.2,17.5,16.9,18.1,62.1,60.6,63.7,17.4,16.8,18,61.6,60.1,63.2,17.3,16.7,17.9,61,59.5,62.6,17.2,16.6,17.8,60.3,58.8,61.9,17.1,16.5,17.7,59.9,58.4,61.4,17,16.4,17.6,59.3,57.8,60.8,17,16.3,17.5,58.8,57.4,60.3,16.9,16.3,17.5,58.2,56.8,59.7,16.8,16.2,17.4,58,56.5,59.5,16.8,16.2,17.4,57.8,56.3,59.4,16.8,16.2,17.4,57.6,56.1,59.2,16.8,16.1,17.3,57.4,55.8,59.1,16.7,16.1,17.3
Dominican Republic,73.5,70.6,76.7,22,20.6,23.4,73.3,70.3,76.4,21.9,20.5,23.3,73,70.1,76.1,21.8,20.4,23.2,72.8,69.8,75.9,21.7,20.4,23.1,72.5,69.6,75.7,21.6,20.3,23,72.3,69.4,75.4,21.6,20.3,22.9,72,69.1,75.1,21.5,20.2,22.8,71.7,68.9,74.8,21.4,20.2,22.8,71.4,68.5,74.5,21.4,20.1,22.7,71,68.2,74,21.3,20.1,22.6,70.7,67.9,73.7,21.2,20,22.5,70.4,67.6,73.3,21.1,20,22.4,69.9,67.2,72.9,21,19.9,22.2,70,67.3,73,21,19.9,22.2,69.9,67.2,72.8,20.9,19.8,22.1,69.8,67.1,72.7,20.8,19.7,22,69.7,67.1,72.6,20.8,19.7,22
Ecuador,76.5,74.1,78.9,22.8,21.5,23.9,76.3,73.9,78.8,22.7,21.5,23.9,76.3,73.8,78.8,22.8,21.6,24,76.1,73.6,78.7,22.8,21.6,24,75.7,73.1,78.4,22.7,21.5,23.9,75.6,72.7,78.6,22.8,21.4,24.2,75.3,72.5,78.3,22.8,21.5,24,75.4,72.5,78.4,23,21.8,24.2,74.9,71.9,78.2,22.8,21.4,24.1,75,72.1,78.1,22.9,21.6,24.2,74.7,71.8,77.6,22.7,21.4,24,74.5,71.4,77.6,22.8,21.4,24.1,74.6,71.7,77.7,22.9,21.5,24.2,74.5,71.7,77.5,22.9,21.6,24.1,73.7,70.8,76.7,22.2,21,23.5,73.3,70.5,76.3,22,20.7,23.2,72.7,69.8,75.7,21.5,20.3,22.8
Egypt,70.5,68.2,73,16.9,15.5,18.1,70.3,68.1,72.6,16.6,15.2,17.8,70.6,68.3,73.1,17.1,15.7,18.4,70.7,68.2,73.3,17.4,16,18.8,69.9,67.6,72.4,16.9,15.5,18.2,70.1,67.6,72.7,17.3,15.9,18.7,69.7,67.5,72.1,17.1,15.7,18.4,69.7,67.4,72.2,17.2,15.7,18.5,69.8,67.4,72.2,17.2,15.7,18.5,69.8,67.4,72.2,17.2,15.7,18.6,69.7,67.3,72.1,17.2,15.7,18.5,69.6,67.3,72,17.2,15.7,18.5,69.3,67,71.8,17,15.5,18.4,68.9,66.6,71.4,16.8,15.3,18.2,69,66.7,71.5,17.1,15.6,18.5,69,66.6,71.4,17.3,15.7,18.8,69.2,66.8,71.7,17.7,16.1,19.2
El Salvador,73.7,69,78.1,21.9,20.4,23.1,73.4,68.7,77.9,21.8,20.3,22.9,73.2,68.4,77.7,21.6,20.3,22.8,73,68.2,77.4,21.5,20.2,22.7,72.8,68.1,77.2,21.4,20.1,22.5,72.5,67.8,76.9,21.3,20,22.4,72.2,67.5,76.7,21.1,19.9,22.2,71.8,67,76.2,20.9,19.7,22,71.5,66.8,76,20.8,19.6,21.8,71.2,66.5,75.6,20.6,19.4,21.6,70.8,66.2,75.2,20.4,19.2,21.4,70.4,65.8,74.8,20.2,19,21.2,70.1,65.5,74.5,20,18.8,21,69.8,65.2,74.2,19.8,18.6,20.8,69.5,64.9,73.9,19.6,18.4,20.6,68.6,64.1,73.1,19.3,18.1,20.4,68.8,64.3,73.2,19.2,18,20.3
Equatorial Guinea,59.5,57.9,61.7,16.8,16.2,17.5,59.4,57.6,61.7,16.8,16.2,17.5,59,57.2,61.1,16.8,16.1,17.5,58.1,56.7,59.7,16.7,16,17.4,57.5,56.5,58.6,16.6,16,17.3,57.3,56.4,58.1,16.6,16,17.3,57,55.8,58.2,16.6,15.9,17.3,56.3,54.7,58.2,16.5,15.7,17.3,55.9,54.1,57.9,16.4,15.6,17.3,55.2,53.5,57.2,16.4,15.6,17.2,54.9,53.1,56.9,16.3,15.5,17.2,54.4,52.7,56.4,16.3,15.4,17.2,54.1,52.2,56.1,16.2,15.4,17.1,53.8,51.8,56,16.2,15.3,17.1,53.5,51.5,55.8,16.2,15.3,17.1,53.2,51.1,55.5,16.1,15.2,17,52.8,50.7,55.2,16,15.1,16.9
Eritrea,65,62.9,67.1,16.4,15.4,17.3,64.6,62.5,66.7,16.3,15.3,17.2,64.2,62.1,66.3,16.2,15.2,17.1,63.7,61.8,65.8,16.1,15.2,17,63.3,61.4,65.4,16.1,15.2,16.9,62.9,60.9,64.9,16,15.2,16.7,62.3,60.3,64.4,15.9,15.1,16.6,61.8,59.8,64,15.8,15.1,16.4,61.3,59.2,63.4,15.7,15.1,16.3,60.8,58.8,62.8,15.6,15,16.2,60.1,58.3,62,15.5,14.9,16,59.4,57.8,61.1,15.4,14.7,15.9,58.7,57.3,60.1,15.2,14.6,15.8,58.1,56.9,59.4,15.1,14.5,15.8,57.7,56.5,58.9,15.1,14.5,15.8,57.3,56,58.5,15.1,14.5,15.7,43.9,38.5,51.1,14.6,13.8,15.4
Estonia,77.8,73,82.1,22.2,18.8,24.8,77.7,73,81.8,22,18.6,24.4,77.2,72.2,81.6,21.8,18.2,24.3,77.1,72.4,81.4,21.6,18.1,24.2,76.5,71.3,81.3,21.5,17.9,24.1,76.3,71.2,81,21.5,18,24,75.9,70.9,80.5,20.8,17.4,23.3,75.2,69.9,80.1,20.7,17.2,23.3,74.4,69,79.5,20.3,16.7,22.9,73.3,67.5,79,19.9,16.3,22.7,73.2,67.7,78.6,19.8,16.2,22.4,73,67.5,78.4,19.6,16.1,22.3,72.4,66.7,78.2,19.3,15.8,22,72.1,66.6,77.4,19,15.6,21.6,71.3,65.6,77.1,19,15.6,21.5,70.9,65.2,76.6,18.9,15.5,21.5,70.9,65.5,76.2,18.7,15.5,21.1
Eswatini,57.7,55.1,59.9,16,14.6,17,57.3,54.8,59.6,16,14.7,17,56.8,54.1,59.1,15.9,14.6,17,56,53.2,58.4,15.9,14.6,17,54.9,52.2,57.3,15.9,14.6,16.9,53.8,51.1,56.1,15.9,14.6,16.9,51.5,48.9,53.8,15.8,14.5,16.8,50.2,47.8,52.4,15.7,14.4,16.7,48.7,46.6,50.7,15.6,14.3,16.6,47.4,46.1,48.5,15.5,14.3,16.4,45.6,44.4,46.5,15.3,14.2,16.2,44.3,43.1,45.3,15.2,14.1,16.1,44.2,42.9,45.4,15.1,14.1,16,44.8,43.3,46.2,15.2,14.1,16,45.7,44,47.3,15.2,14.2,16.1,47,45,48.7,15.2,14.2,16.2,48.6,46.5,50.6,15.3,14.3,16.3
Ethiopia,65.5,63.7,67.3,18.1,17.4,18.8,65,63.3,66.8,18.1,17.4,18.7,64.5,62.8,66.3,18,17.3,18.7,64,62.2,65.7,17.9,17.3,18.6,63.4,61.6,65.2,17.9,17.2,18.5,62.6,60.8,64.3,17.8,17.1,18.4,61.6,60,63.3,17.6,17,18.3,60.6,58.9,62.2,17.5,16.8,18.1,59.4,57.9,61,17.3,16.7,17.9,58.1,56.7,59.6,17.1,16.5,17.7,56.7,55.4,58.1,16.9,16.3,17.5,55.5,54.2,56.8,16.7,16.1,17.3,54.3,53,55.6,16.5,15.9,17.1,53.3,52.1,54.6,16.3,15.7,16.9,52.6,51.4,53.9,16.2,15.6,16.8,52.1,50.8,53.4,16,15.4,16.6,50.8,49.2,52.5,15.8,15.2,16.5
Fiji,69.9,67.1,73.1,17.2,15.4,19.1,69.8,67,73,17.2,15.4,19,69.7,66.9,72.8,17.1,15.4,18.9,69.5,66.8,72.6,17,15.3,18.9,69.4,66.6,72.5,17,15.3,18.8,69.3,66.6,72.4,16.9,15.2,18.7,69.1,66.4,72.2,16.9,15.2,18.7,68.9,66.2,72,16.8,15.1,18.6,68.7,66.1,71.8,16.7,15,18.5,68.6,65.9,71.7,16.6,15,18.4,68.4,65.8,71.5,16.5,14.9,18.3,68.3,65.7,71.2,16.4,14.8,18.1,68.1,65.6,71,16.3,14.8,18,67.9,65.5,70.8,16.2,14.7,17.8,67.9,65.4,70.6,16.1,14.7,17.7,67.8,65.4,70.5,16.1,14.6,17.5,67.7,65.3,70.3,16,14.6,17.4
Finland,81.4,78.7,84.2,24.2,22.2,26.1,81.4,78.6,84.2,24.1,22,26,81.1,78.2,83.9,24,21.9,25.9,80.9,77.9,83.9,24,21.8,26,80.6,77.6,83.5,23.8,21.6,25.7,80.5,77.3,83.6,23.8,21.5,25.8,80,76.8,83.2,23.5,21.1,25.5,79.9,76.6,83.2,23.5,21,25.6,79.8,76.5,83.1,23.5,21.2,25.5,79.5,76,83,23.3,20.8,25.4,79.5,75.9,82.9,23.2,20.7,25.3,79.2,75.8,82.5,23,20.6,25.1,79,75.5,82.3,22.9,20.4,25,78.7,75.3,82,22.5,20.1,24.4,78.4,75,81.7,22.2,19.7,24.2,78.3,74.8,81.6,22.1,19.6,24.1,77.8,74.3,81.1,21.8,19.3,23.8
France,82.9,80.1,85.7,25.9,23.8,27.9,82.7,79.8,85.4,25.7,23.5,27.7,82.6,79.7,85.4,25.7,23.5,27.7,82.1,79.2,85,25.3,23.1,27.3,81.8,78.8,84.7,25.1,22.9,27.1,81.8,78.6,84.8,25.2,22.9,27.3,81.4,78.2,84.5,24.9,22.6,27,81.2,78,84.4,24.8,22.5,26.9,81.1,77.9,84.3,24.7,22.3,26.8,81,77.7,84.3,24.6,22.2,26.8,80.8,77.4,84.1,24.5,22,26.6,80.3,76.9,83.6,24,21.6,26.2,80.4,77,83.8,24.2,21.7,26.4,79.5,76.1,82.9,23.4,21,25.6,79.5,76,83,23.5,21,25.8,79.3,75.7,82.9,23.4,20.9,25.7,79.1,75.5,82.7,23.2,20.6,25.5
Gabon,66.4,64.8,68.2,18.3,17.5,19.1,65.9,64.3,67.5,18.3,17.4,19.1,65.4,63.8,67.1,18.2,17.3,19,64.6,63.2,65.9,18.1,17.2,18.9,63.6,62.8,64.3,18,17.1,18.8,62.9,62.2,63.4,17.9,17,18.6,62.4,61.8,62.8,17.8,17,18.6,61.7,61.2,62.1,17.7,16.9,18.5,61.3,60.9,61.6,17.7,16.8,18.4,61,60.6,61.4,17.6,16.8,18.3,60.7,60.2,61.2,17.6,16.7,18.3,59.9,59.3,60.4,17.4,16.5,18.2,59.3,58.7,59.8,17.3,16.4,18.1,59.3,58.5,59.9,17.3,16.3,18,59.3,58.4,60.1,17.2,16.3,18,59.4,58.4,60.3,17.2,16.3,18,59.6,58.5,60.6,17.2,16.3,17.9
Gambia,61.9,60.6,63.3,15.3,14.7,16,61.6,60.4,63,15.3,14.7,16,61.4,60.1,62.7,15.3,14.7,15.9,61.2,59.9,62.5,15.2,14.7,15.9,60.8,59.6,62.2,15.2,14.7,15.9,60.4,59.3,61.6,15.2,14.6,15.8,59.9,58.8,61.1,15.1,14.6,15.7,59.7,58.5,60.9,15.1,14.5,15.7,59.4,58.2,60.7,15,14.5,15.6,59.2,58,60.5,15,14.5,15.6,58.8,57.7,60.1,14.9,14.4,15.5,58.3,57.3,59.5,14.9,14.4,15.5,57.9,56.9,59,14.8,14.4,15.4,57.4,56.5,58.5,14.8,14.3,15.3,57.1,56.1,58.1,14.8,14.3,15.3,56.6,55.7,57.8,14.7,14.3,15.3,56.2,55.2,57.4,14.7,14.2,15.2
Georgia,72.6,68.3,76.8,18.3,15.9,20.3,72.8,68.5,77.1,18.6,16.2,20.6,72.8,68.6,76.9,18.6,16.3,20.5,72.8,68.5,77,18.7,16.4,20.7,72.6,68.3,76.8,18.5,16.1,20.5,72.5,68.4,76.5,18.3,16,20.2,72.5,68.3,76.7,18.6,16.4,20.5,72.2,68.1,76.2,18.7,16.5,20.5,73.1,68.5,77.7,19.7,17,21.8,73.7,69.3,77.9,19.9,17.3,22,73.2,68.8,77.4,19.6,17.2,21.6,73.1,69.1,76.8,19.7,17.4,21.5,71.5,67.7,75.1,18.1,16.1,19.8,71.8,68.4,74.9,18.4,16.3,20,70.9,67.5,74.2,18.2,16.5,19.5,72.3,68.7,75.7,19.2,17.2,20.7,71.5,68,74.9,18.5,16.6,20
Germany,81,78.7,83.3,23.6,21.8,25.3,80.6,78.2,83,23.4,21.5,25.1,81,78.6,83.4,23.8,21.9,25.5,80.6,78.2,82.9,23.4,21.5,25.1,80.6,78.1,83,23.4,21.6,25.1,80.4,77.9,82.8,23.4,21.5,25.1,80.1,77.6,82.6,23.1,21.2,24.8,80,77.4,82.5,23.1,21.1,24.8,79.9,77.3,82.4,23,21.1,24.8,79.9,77.1,82.5,23.1,21,24.8,79.7,76.9,82.3,22.9,20.8,24.7,79.3,76.5,81.9,22.6,20.4,24.4,79.3,76.4,82,22.6,20.4,24.4,78.7,75.7,81.5,22.2,19.9,24,78.6,75.6,81.4,22.1,19.9,24,78.5,75.4,81.3,22.1,19.8,23.9,78.1,75,81,21.8,19.4,23.7
Ghana,63.4,62.5,64.4,15.7,15.2,16.2,63.1,62.2,64,15.7,15.1,16.2,62.8,61.9,63.7,15.7,15.1,16.1,62.5,61.6,63.4,15.6,15.1,16.1,62.2,61.3,63,15.6,15.1,16,61.6,60.8,62.4,15.6,15.1,16,61.2,60.3,62,15.5,15,16,60.7,59.8,61.6,15.5,15,15.9,60.2,59.3,61.1,15.4,14.9,15.9,59.7,58.8,60.6,15.4,14.9,15.8,59.2,58.3,60.1,15.2,14.7,15.6,58.7,57.8,59.6,15,14.6,15.4,58.3,57.5,59.2,14.8,14.4,15.2,58,57.2,58.9,14.7,14.3,15.1,57.8,57,58.7,14.7,14.2,15.1,57.6,56.8,58.4,14.7,14.2,15.1,57.4,56.7,58,14.7,14.3,15.1
Greece,81.2,78.7,83.7,23.9,22.1,25.5,80.9,78.4,83.4,23.6,21.9,25.3,81.2,78.7,83.8,24,22.2,25.7,81.2,78.7,83.7,23.9,22.2,25.6,80.5,77.9,83.1,23.4,21.7,25.1,80.6,78,83.3,23.6,21.9,25.3,80.5,78,83.1,23.6,21.9,25.1,80.3,77.6,83.1,23.4,21.7,25.1,80.2,77.5,82.9,23.2,21.5,24.8,79.7,77,82.4,22.9,21.2,24.5,79.9,77.3,82.6,23,21.3,24.5,79.5,76.8,82.2,22.7,21,24.3,79.3,76.7,82,22.6,20.9,24.1,79.1,76.6,81.8,22.4,20.7,23.9,79.1,76.5,81.7,22.3,20.6,23.8,78.8,76.1,81.5,22.2,20.5,23.7,78.3,75.6,81.1,21.7,20,23.3
Grenada,73.4,71,75.9,19.1,17.8,20.3,73.3,70.9,75.8,19,17.8,20.2,73.2,70.8,75.7,19,17.7,20.1,73.2,70.8,75.5,18.9,17.6,20,73.1,70.7,75.4,18.8,17.5,19.8,72.9,70.4,75.3,18.6,17.4,19.7,72.6,70.2,75.1,18.4,17.2,19.5,72.4,69.9,74.8,18.3,17,19.3,72.1,69.7,74.5,18.1,16.9,19.1,71.8,69.4,74.2,18,16.8,19,71.6,69.2,74,17.9,16.6,18.9,71.3,68.9,73.7,17.7,16.4,18.7,70.3,67.8,72.8,17.5,16.3,18.5,71,68.6,73.4,17.5,16.2,18.5,71,68.6,73.4,17.4,16.2,18.4,70.8,68.4,73.2,17.3,16.1,18.2,70.6,68.2,72.9,17.1,15.9,18.1
Guatemala,73.2,70.4,76,21.3,20.2,22.3,72.9,70,75.8,21.2,20.2,22.2,72.6,69.6,75.5,21.1,20,22.1,72.2,69.2,75.2,21.1,20.1,22,72,69,75,21,19.9,22,71.6,68.4,74.7,21,19.9,21.9,71,67.7,74.3,20.7,19.7,21.7,70.8,67.3,74.2,20.8,19.8,21.8,71,67.4,74.5,21,19.8,22,70.6,67.3,73.8,20.8,19.8,21.7,69.7,66,73.3,20.5,19.4,21.4,69.1,65.5,72.7,20.2,19.1,21.2,69.4,65.8,72.9,20.3,19.2,21.3,69.1,65.6,72.6,20.3,19.3,21.2,69,65.6,72.3,20.2,19.2,21.3,68.1,64.5,71.7,19.8,18.7,20.9,67.6,64.3,71,19.7,18.6,20.7
Guinea,59.8,59.4,60.2,15.3,14.9,15.6,58.6,58.1,59,15.1,14.8,15.5,57.8,57.4,58.2,15,14.7,15.3,58.4,58,58.8,15.1,14.8,15.4,58,57.6,58.4,15.1,14.8,15.3,57.6,57.1,58.1,15,14.7,15.3,57.2,56.5,57.8,14.9,14.5,15.3,56.5,55.7,57.4,14.8,14.4,15.3,56,55,56.9,14.8,14.3,15.2,55.4,54.4,56.5,14.7,14.2,15.1,54.6,53.7,55.5,14.5,14.1,14.9,53.7,53.1,54.3,14.3,13.9,14.6,52.8,52.5,53.1,14.1,13.9,14.3,52.1,52,52.2,14,13.8,14.1,51.7,51.5,51.8,14,13.8,14.1,51.3,51.1,51.5,14.1,13.9,14.2,51.4,51.1,51.6,14.3,14.1,14.4
Guinea-Bissau,59.8,58.4,61.2,15.2,14.6,15.7,59.3,57.8,60.6,15.1,14.6,15.6,58.8,57.4,60.2,15.1,14.5,15.6,58.5,57.2,59.8,15.1,14.5,15.5,57.9,56.8,59,15,14.5,15.5,57.3,56.2,58.3,15,14.4,15.4,56.8,55.7,57.8,14.9,14.4,15.4,56.3,55.1,57.3,14.9,14.3,15.4,55.6,54.5,56.7,14.8,14.3,15.3,55.1,54,56.1,14.8,14.3,15.2,54.5,53.5,55.5,14.7,14.3,15.1,54.1,53.3,55,14.7,14.4,15,53.7,52.9,54.4,14.6,14.4,14.8,53.4,52.6,54,14.6,14.5,14.7,53.1,52.4,53.8,14.6,14.5,14.7,52.9,52,53.7,14.7,14.4,14.8,52.7,51.7,53.6,14.7,14.4,15
Guyana,66.2,63.6,69,16.8,15.8,17.8,66.1,63.5,68.9,16.8,15.7,17.7,66,63.5,68.8,16.8,15.8,17.7,65.9,63.4,68.6,16.7,15.7,17.7,65.3,62.7,68.1,16.5,15.5,17.5,65.7,63.2,68.3,16.6,15.7,17.5,65.8,63.4,68.3,16.6,15.7,17.5,66,63.8,68.3,16.7,15.8,17.5,66.1,64,68.3,16.8,16,17.5,65.6,63.5,67.9,16.6,15.8,17.4,65,62.7,67.5,16.3,15.5,17.1,64.8,62.5,67.3,16.1,15.3,17,64.6,62.2,67.1,16.1,15.2,16.9,64.4,62,66.9,16.3,15.5,17.1,64.5,62,67,16.7,15.9,17.5,65.1,62.7,67.6,17.2,16.2,18.1,64.7,62.3,67.1,17,16,18
Haiti,63.5,61.3,65.7,17.7,16.7,18.6,63.3,61.1,65.6,17.6,16.6,18.6,63.1,60.8,65.4,17.6,16.6,18.5,62.8,60.6,65,17.6,16.5,18.5,62.6,60.5,64.7,17.6,16.7,18.5,62.9,61,64.9,18.2,17.4,18.9,36.2,33.2,40,10.7,9.1,12.5,63.5,61.8,65.2,19.6,19.3,19.8,63.2,61.6,64.9,19.9,19.8,20,62.8,61.2,64.5,19.9,19.8,19.9,61.9,60.3,63.5,19.2,19,19.3,60.8,59.1,62.5,18.1,17.7,18.4,58.4,56.5,60.5,16.6,16,17.1,59,57.1,60.8,16,15.3,16.7,58.6,56.8,60.5,15.9,15.2,16.5,58.4,56.5,60.2,15.9,15.2,16.6,58.1,56.3,60,16,15.3,16.6
Honduras,75.2,72.9,77.5,22.4,21,23.7,75,72.7,77.3,22.3,20.9,23.6,74.8,72.5,77.1,22.2,20.8,23.5,74.6,72.3,76.9,22.1,20.7,23.5,74.4,72.1,76.7,22.1,20.7,23.4,74.2,71.9,76.5,22,20.6,23.3,73.9,71.6,76.2,21.9,20.5,23.1,73.8,71.5,76,21.8,20.4,23.1,73.5,71.2,75.8,21.7,20.4,23,73.3,71,75.6,21.6,20.3,22.9,73,70.7,75.3,21.5,20.1,22.7,72.6,70.3,75,21.3,20,22.6,72.3,69.9,74.8,21.1,19.8,22.4,71.9,69.5,74.4,21,19.7,22.3,71.6,69.2,74.1,20.9,19.6,22.2,71.4,68.9,73.8,20.8,19.5,22.1,71.1,68.7,73.5,20.8,19.5,22
Hungary,76,72.3,79.4,20.1,17.4,22.3,75.4,71.9,78.7,19.7,17.2,21.8,75.7,72,79.1,20.1,17.4,22.2,75.5,71.9,78.9,20,17.4,22.1,75,71.3,78.5,19.7,17,21.8,74.8,71,78.4,19.6,16.8,21.7,74.4,70.5,78.2,19.3,16.6,21.6,74.1,70,78.1,19.4,16.5,21.7,74,69.9,78,19.4,16.6,21.7,73.5,69.3,77.6,19.2,16.4,21.5,73.4,69.1,77.6,19.2,16.5,21.5,72.9,68.7,77.1,18.9,16.2,21.1,73,68.7,77.2,19,16.2,21.2,72.6,68.4,76.8,18.7,16,21,72.6,68.3,76.9,18.9,16.1,21.1,72.5,68.3,76.7,18.8,16.1,20.9,71.9,67.6,76.2,18.4,15.7,20.5
Iceland,82.4,80.9,83.9,24.7,23.7,25.6,82.4,80.8,84,24.6,23.5,25.6,82.4,80.9,83.9,24.6,23.6,25.6,82.5,80.9,84.1,24.7,23.6,25.7,82.4,80.8,83.9,24.5,23.4,25.5,82.3,80.6,83.9,24.4,23.2,25.6,81.9,79.9,83.8,24.1,22.7,25.4,81.7,79.8,83.5,24,22.6,25.2,81.5,79.6,83.3,23.8,22.6,25,81.3,79.5,83,23.8,22.5,24.9,81.2,79.3,83,23.7,22.3,25,81.1,79.2,83,23.6,22.1,25.1,81,79.2,82.9,23.6,22,25,80.9,79,82.7,23.5,21.9,24.9,80.7,78.8,82.6,23.4,21.9,24.9,80.2,78.2,82.3,23.3,21.8,24.6,79.7,77.6,81.9,22.9,21.4,24.2
India,68.8,67.4,70.3,18,17.2,18.8,68.5,67.1,70,18,17.2,18.7,68.2,66.9,69.6,17.9,17.1,18.6,67.8,66.6,69.2,17.8,17.1,18.5,67.5,66.3,68.7,17.7,17,18.4,67.1,66.1,68.2,17.6,16.9,18.3,66.7,65.8,67.6,17.4,16.8,18.1,66.2,65.4,67,17.3,16.7,17.9,65.7,65.1,66.4,17.1,16.5,17.7,65.3,64.7,65.9,17,16.4,17.6,64.9,64.3,65.5,16.9,16.3,17.6,64.5,63.9,65,16.9,16.2,17.5,64,63.4,64.6,16.8,16,17.5,63.7,63.1,64.3,16.7,15.9,17.5,63.3,62.7,63.9,16.6,15.8,17.4,62.9,62.3,63.4,16.5,15.7,17.4,62.5,61.9,63.1,16.5,15.6,17.3
Indonesia,69.3,67.3,71.4,16.7,15.4,18,69.1,67.2,71.2,16.6,15.3,17.9,68.9,67,71,16.6,15.3,17.8,68.7,66.8,70.8,16.5,15.3,17.8,68.5,66.6,70.5,16.5,15.2,17.7,68.3,66.3,70.3,16.4,15.2,17.7,68,66,70.1,16.4,15.1,17.7,67.8,65.7,69.9,16.3,15,17.6,67.6,65.5,69.7,16.3,15,17.6,67.4,65.4,69.5,16.3,15,17.5,67.2,65.3,69.2,16.2,15,17.4,67.1,65.2,69,16.2,15,17.4,65.2,63.2,67.2,15.8,14.6,17,66.7,65,68.5,16.1,15,17.2,66.5,64.8,68.3,16.1,15,17.1,66.3,64.6,68,16,15,17,66.1,64.5,67.7,16,15,16.9
Iran (Islamic Republic of),75.7,74.6,76.9,19.7,19.3,20.2,75.5,74.4,76.7,19.6,19.2,20,75.3,74.2,76.5,19.4,19,19.9,75.1,74.1,76.3,19.3,18.9,19.8,74.9,73.8,76.1,19.2,18.9,19.7,74.5,73.3,75.8,19.2,18.8,19.6,74,72.6,75.5,19.2,18.8,19.6,73.3,71.6,75.2,19.1,18.7,19.6,72.7,70.9,74.7,19.1,18.7,19.5,72.4,70.6,74.3,19,18.6,19.4,72.1,70.4,73.9,18.8,18.5,19.2,71.7,70.2,73.4,18.7,18.4,19,71.5,70,73,18.5,18.2,18.8,70.1,68.6,71.6,18.1,17.8,18.4,70.9,69.6,72.2,18.2,18,18.4,70.5,69.4,71.7,18,17.9,18.2,70.1,69.1,71.2,17.9,17.7,18
Iraq,69.8,67.5,72.2,18.8,17.9,19.6,69.3,66.9,71.8,18.7,17.8,19.4,68.6,66,71.3,18.5,17.6,19.3,70.1,68,72.2,18.5,17.7,19.3,70.9,69.1,72.7,18.5,17.7,19.3,70.9,69.1,72.7,18.6,17.7,19.3,70.8,69,72.6,18.6,17.8,19.3,70.5,68.6,72.4,18.6,17.8,19.4,69.4,67.2,71.7,18.5,17.7,19.3,66,62.9,69.4,18.3,17.4,19.1,64.8,61.3,68.5,18.1,17.2,18.9,66.8,64,69.9,18.1,17.3,18.9,67.2,64.5,70,18,17.2,18.8,66.4,63.5,69.5,17.8,17.1,18.6,70.2,68.6,71.9,18,17.3,18.6,70,68.4,71.7,17.9,17.2,18.5,69.4,67.6,71.4,17.7,17.1,18.3
Ireland,81.5,79.7,83.4,24.1,22.8,25.3,81.4,79.5,83.3,24,22.6,25.3,81.4,79.4,83.4,24,22.5,25.3,81.1,79.1,83.1,23.7,22.3,25.1,80.9,78.7,83,23.6,22,25.2,80.7,78.6,82.8,23.5,22,25,80.9,78.7,82.9,23.6,22,25.1,79.9,77.5,82.3,23,21.2,24.7,79.9,77.7,82.2,22.9,21.2,24.5,79.7,77.3,81.9,22.6,21,24.2,79.2,76.9,81.5,22.3,20.5,23.9,78.8,76.5,81.1,21.9,20.2,23.6,78.5,76,80.9,21.7,19.8,23.4,78.1,75.7,80.5,21.3,19.5,23,77.6,74.9,80.2,21,19.1,22.8,77.1,74.5,79.8,20.6,18.6,22.5,76.4,73.9,79,20.1,18.2,21.9
Israel,82.3,80.3,84.2,24.7,23.3,26,82,80,84,24.5,23,25.8,82.3,80.3,84.1,24.8,23.4,26,82.2,80.4,83.9,24.7,23.4,25.8,81.9,80,83.7,24.4,23,25.5,81.9,80,83.6,24.4,23.1,25.6,81.8,79.8,83.6,24.4,23,25.6,81.6,79.7,83.4,24.3,22.9,25.5,81,79,82.9,23.8,22.5,24.9,80.5,78.4,82.4,23.3,21.9,24.5,80.3,78.3,82.1,23.3,21.9,24.4,79.8,77.7,81.7,22.8,21.4,24,79.7,77.5,81.8,22.8,21.4,24,79.2,77,81.2,22.4,21,23.6,78.7,76.5,80.8,22.2,20.8,23.4,78.7,76.4,80.9,22.1,20.7,23.4,78.3,76.1,80.4,21.7,20.3,22.9
Italy,82.8,80.5,84.9,25,23.2,26.6,82.4,80.2,84.6,24.7,22.9,26.3,82.8,80.5,85,25.1,23.2,26.8,82.6,80.2,84.8,25,23,26.6,82.2,79.8,84.4,24.6,22.7,26.3,82.2,79.7,84.5,24.6,22.7,26.4,82,79.5,84.4,24.5,22.5,26.3,81.8,79.2,84.1,24.3,22.3,26.1,81.7,79,84.1,24.3,22.2,26,81.5,78.8,84,24.2,22.1,26,81.4,78.6,84,24.1,22,26,80.9,78.2,83.6,23.7,21.5,25.6,81,78.1,83.8,23.9,21.6,25.8,80.2,77.3,82.9,23.1,20.9,25,80.3,77.3,83,23.3,21,25.3,80,77,82.8,23.1,20.8,25.1,79.6,76.6,82.5,22.8,20.5,24.8
Jamaica,76,73.6,78.5,22.5,21.3,23.7,75.8,73.3,78.3,22.4,21.2,23.6,75.7,73.3,78.2,22.4,21.2,23.5,75.5,73.2,77.9,22.3,21.1,23.4,75.3,73,77.7,22.2,21,23.3,75.1,72.8,77.6,22,20.8,23.2,74.9,72.5,77.4,21.8,20.6,23.1,74.6,72.1,77.1,21.7,20.4,22.9,74.3,71.8,76.8,21.5,20.2,22.8,74,71.5,76.5,21.4,20.1,22.7,73.7,71.3,76.3,21.4,20.1,22.6,73.3,70.7,75.9,21.3,20,22.5,73.1,70.5,75.7,21.2,20,22.5,73,70.4,75.7,21.2,19.9,22.4,72.8,70.2,75.6,21.1,19.9,22.3,72.6,69.9,75.5,21,19.9,22.2,72.6,70,75.4,21,19.8,22
Japan,84.2,81.1,87.1,26.4,23.7,28.9,84,80.8,87,26.3,23.5,28.8,83.8,80.6,86.8,26.1,23.4,28.7,83.5,80.3,86.6,25.9,23.2,28.5,83.3,80,86.4,25.8,23,28.3,82.9,79.6,86,25.6,22.7,28.1,83,79.6,86.3,25.6,22.7,28.2,83.1,79.6,86.4,25.8,22.8,28.4,82.8,79.3,86.1,25.5,22.6,28.1,82.7,79.2,86,25.5,22.6,28.1,82.5,79,85.8,25.3,22.4,27.9,82.1,78.6,85.5,25,22,27.6,82.2,78.7,85.6,25.1,22.1,27.7,82,78.5,85.4,24.9,22,27.5,81.9,78.4,85.3,24.8,21.9,27.4,81.6,78.1,84.9,24.6,21.7,27.1,81.3,77.8,84.6,24.3,21.4,26.8
Jordan,74.3,72.7,76,19.3,18.1,20.5,74.1,72.6,75.8,19.2,18,20.4,74,72.4,75.7,19.1,17.9,20.3,73.9,72.3,75.5,19,17.9,20.2,73.7,72.2,75.3,18.9,17.8,20.1,73.5,72,75.2,18.8,17.7,20,73.4,71.9,75,18.8,17.6,19.9,73.2,71.7,74.8,18.7,17.6,19.8,73,71.6,74.6,18.6,17.5,19.7,72.8,71.4,74.4,18.5,17.4,19.6,72.6,71.3,74.2,18.4,17.4,19.6,72.3,70.8,74,18.4,17.3,19.5,72.3,70.9,73.8,18.3,17.3,19.4,72.2,70.8,73.7,18.3,17.3,19.4,72,70.7,73.5,18.2,17.2,19.3,71.9,70.6,73.4,18.1,17.2,19.2,71.7,70.4,73.2,18,17.1,19.1
Kazakhstan,71.1,66.8,75.3,17.7,15,19.7,70.6,66.1,74.9,17.5,14.9,19.5,70.2,65.7,74.6,17.4,14.8,19.5,69.5,64.8,74.2,17.2,14.6,19.3,68.6,63.9,73.4,16.8,14.1,18.8,68.1,63.4,72.9,16.6,14,18.6,67.4,62.6,72.4,16.4,13.8,18.4,67.5,62.7,72.4,16.6,14,18.6,66.3,61.2,71.7,16.3,13.7,18.3,65.1,59.6,71.1,16.2,13.4,18.4,64.9,59.4,70.8,16.2,13.5,18.3,64.6,59,70.5,15.8,13,18,64.6,59.1,70.6,15.8,12.9,18,64.3,58.9,70.1,15.3,12.4,17.6,64.6,59.2,70.2,15.7,12.9,18,64.3,58.9,70,16,13.2,18.2,63.9,58.4,69.7,15.9,13.1,18.1
Kenya,66.7,64.4,68.9,18.6,17.7,19.4,66,63.6,68.4,18.6,17.6,19.4,65.6,63.1,68,18.5,17.6,19.4,65.3,62.9,67.7,18.5,17.6,19.4,64.9,62.8,67,18.5,17.5,19.3,63.9,62.4,65.5,18.3,17.4,19.1,62.9,61.5,64.2,18.1,17.2,18.9,61.5,60.2,62.7,17.8,17,18.6,59.9,58.8,61,17.5,16.7,18.3,58.4,57.4,59.4,17.3,16.5,18.1,56.6,55.7,57.5,17,16.2,17.7,55.2,54.4,56,16.7,15.9,17.5,54.1,53.3,54.9,16.5,15.7,17.2,53.5,52.8,54.3,16.4,15.6,17.1,53.3,52.5,54.1,16.3,15.5,17,53.2,52.3,54,16.2,15.5,17,53.2,52.3,54.1,16.2,15.5,16.9
Kiribati,66.1,63.6,68.6,16.9,15.6,17.9,65.9,63.4,68.4,16.8,15.5,17.9,65.9,63.4,68.4,16.8,15.5,17.8,66,63.4,68.5,16.8,15.5,17.8,66.1,63.5,68.5,16.8,15.5,17.8,66.1,63.5,68.5,16.7,15.5,17.7,65.9,63.4,68.2,16.7,15.5,17.7,65.6,63.1,68,16.7,15.5,17.7,65.1,62.7,67.3,16.7,15.4,17.6,64.4,62,66.6,16.7,15.4,17.6,63.7,61.4,65.8,16.6,15.4,17.6,63.2,60.9,65.3,16.6,15.4,17.6,63.1,60.9,65.2,16.6,15.4,17.6,63.5,61.1,65.7,16.6,15.4,17.5,63.9,61.5,66.2,16.6,15.4,17.5,64.1,61.7,66.4,16.5,15.3,17.5,64.1,61.6,66.4,16.5,15.3,17.4
Kuwait,74.8,73.9,76,17.9,17.6,18.4,74.6,73.8,75.9,17.8,17.5,18.3,74.6,73.7,75.8,17.7,17.4,18.2,74.4,73.7,75.6,17.7,17.4,18.1,74.3,73.6,75.5,17.6,17.3,18,74.2,73.5,75.3,17.5,17.3,17.9,74.1,73.4,75.1,17.4,17.2,17.7,73.9,73.2,75,17.3,17.2,17.6,73.8,73.1,74.8,17.3,17.1,17.5,73.6,73,74.6,17.3,17.1,17.5,73.5,72.9,74.5,17.2,17.1,17.4,73.5,72.8,74.5,17.2,17,17.4,73.4,72.7,74.4,17.1,17,17.4,73.4,72.7,74.5,17.1,16.9,17.4,73.4,72.7,74.5,17.1,16.9,17.4,73.4,72.6,74.5,17,16.8,17.3,73.3,72.6,74.4,17,16.8,17.3
Kyrgyzstan,71.4,67.7,75.2,18,15.8,20,71.1,67.4,74.8,18,15.8,19.8,70.5,66.7,74.4,17.6,15.3,19.5,70.4,66.6,74.4,17.9,15.7,19.8,69.7,65.8,73.7,17.4,15.2,19.3,69.3,65.3,73.3,17.2,15,19.1,68.6,64.4,73,17.1,15,19,68.6,64.7,72.6,17,15,18.9,67.8,64,71.8,16.7,14.9,18.4,67.3,63.3,71.6,16.7,14.8,18.5,66.8,62.9,70.9,16.5,14.7,18.1,66.9,63.1,70.8,16.4,14.6,18.1,67,63.3,71,16.6,14.8,18.3,66.5,62.7,70.5,16.1,14.2,17.9,66.6,62.8,70.7,16.5,14.5,18.2,67.2,63.1,71.5,17.5,15.4,19.2,66.5,62.5,70.7,17,15,18.7
Lao People's Democratic Republic,65.8,64.2,67.4,16.8,15.9,17.6,65.5,63.9,67,16.8,15.9,17.6,65.1,63.5,66.7,16.7,15.8,17.5,64.8,63.2,66.3,16.6,15.7,17.4,64.5,63,66,16.6,15.7,17.4,64.1,62.6,65.6,16.5,15.6,17.3,63.7,62.3,65.2,16.4,15.6,17.2,63.3,61.8,64.7,16.4,15.5,17.1,62.8,61.3,64.2,16.3,15.4,17.1,62.2,60.7,63.7,16.2,15.4,17,61.6,60.1,63.1,16.1,15.3,16.9,61,59.5,62.5,16,15.2,16.8,60.4,58.9,61.8,16,15.1,16.7,59.7,58.2,61.2,15.9,15,16.6,59.1,57.6,60.6,15.8,14.9,16.5,58.5,57,60,15.7,14.9,16.4,58,56.5,59.5,15.6,14.8,16.3
Latvia,75,70,79.6,20.7,17.3,23.1,74.8,69.8,79.3,20.4,17.1,22.7,74.5,69.2,79.4,20.3,16.7,22.9,74.2,69.3,78.7,20.1,16.8,22.5,74,68.9,78.8,19.8,16.5,22.3,73.8,68.7,78.6,19.8,16.3,22.4,73,67.8,77.9,19.3,15.8,21.8,72.8,67.5,77.7,19.4,16,21.9,72.1,66.5,77.4,19.2,15.6,21.7,70.9,65.3,76.5,18.7,15.3,21.2,70.6,65,76.2,18.6,15.1,21.1,70.7,65,76.5,18.5,14.9,21.1,71.2,65.7,76.4,18.6,15.2,21.1,71,65.6,76.1,18.6,15.3,20.9,70.5,64.7,76.2,18.6,15.2,21,70.1,64.4,75.7,18.5,15.2,20.8,70.3,64.6,75.9,18.5,15.1,20.9
Lebanon,76.3,75.1,77.7,19.8,18.8,21,76.1,74.8,77.6,19.8,18.8,21,76,74.7,77.5,19.8,18.7,21,76,74.7,77.5,19.8,18.7,21,76,74.8,77.4,19.8,18.7,21,75,73.3,76.9,19.7,18.6,21,75.7,74.5,77.1,19.7,18.6,20.9,75.6,74.3,77,19.6,18.6,20.9,75.4,74.1,76.9,19.6,18.5,20.8,75.4,74.1,76.9,19.5,18.4,20.7,74.5,72.8,76.4,19.4,18.3,20.6,75.1,73.7,76.6,19.3,18.2,20.5,74.8,73.5,76.4,19.2,18.1,20.4,74.6,73.2,76.1,19.1,18,20.3,74.2,72.8,75.8,19,17.9,20.2,73.9,72.5,75.5,18.9,17.8,20.1,73.6,72.2,75.2,18.8,17.7,20
Lesotho,52.9,51,54.6,15.3,14.2,16.1,52.1,50.1,53.8,15.2,14.1,16,52.1,50.1,53.8,15.2,14.1,16,52.3,50.3,53.9,15.2,14.1,16,52.5,50.8,54,15.2,14.2,16,52.8,50.8,54.4,15.2,14.2,16,52.3,50.6,53.6,15.2,14.2,16,51.4,50.4,52.1,15.1,14.2,15.9,49.9,49.1,50.5,15,14,15.7,47.5,46.9,47.7,14.6,13.6,15.4,46.2,45.6,46.6,14.4,13.4,15.2,45.6,45.2,45.9,14.3,13.2,15.1,46.1,45.5,46.4,14.3,13.2,15.1,46.8,46.2,47.2,14.3,13.2,15.2,48,47.2,48.5,14.5,13.4,15.3,49.4,48.5,50,14.7,13.6,15.5,50.9,49.9,51.6,14.9,13.8,15.6
Liberia,62.9,62,63.9,15.8,15.3,16.3,62.1,61,63.2,15.6,15,16.1,58.9,57.7,60.1,15.2,14.6,15.8,61.9,61.1,62.7,15.6,15.2,16,61.5,60.7,62.2,15.6,15.2,16,60.9,60.1,61.6,15.5,15.1,15.9,60.1,59.3,60.9,15.4,15,15.8,59.2,58.4,60.1,15.3,14.9,15.7,58.4,57.4,59.3,15.2,14.7,15.6,57.4,56.5,58.4,15,14.6,15.5,56.3,55.4,57.2,14.7,14.3,15.2,55.3,54.5,56.1,14.4,14,14.8,54.4,53.6,55.1,14.1,13.7,14.4,50.7,48.5,53,13.7,13.3,14.1,51.5,49.9,53.1,13.8,13.4,14.2,52.2,51.2,53.1,14.2,13.8,14.5,52,51.3,52.7,14.6,14.4,14.9
Libya,71.9,69,75,18.3,16.8,19.8,72,69.2,75.1,18.3,16.8,19.7,72.5,70,75.2,18.2,16.9,19.7,73,70.7,75.4,18.2,16.9,19.6,72.9,70.7,75.3,18.2,16.9,19.6,71.3,68.5,74.5,18.1,16.7,19.6,72.8,70.6,75.2,18.2,16.9,19.7,72.7,70.5,75.1,18.2,16.9,19.7,72.5,70.3,75,18.2,16.9,19.7,72.3,70.2,74.8,18.2,16.8,19.7,72.1,70,74.4,18.1,16.8,19.5,71.8,69.8,73.9,18,16.8,19.3,71.4,69.7,73.5,17.8,16.8,19,71.2,69.6,73.1,17.7,16.7,18.8,71,69.4,72.9,17.7,16.7,18.7,70.9,69.3,72.7,17.6,16.7,18.7,70.8,69.2,72.6,17.6,16.7,18.6
Lithuania,75,69.7,80.2,20.7,17.1,23.4,74.4,69,79.6,20.3,16.8,23.1,74.5,68.9,79.9,20.6,16.9,23.3,73.9,68.3,79.3,20.2,16.6,23,73.8,68.1,79.4,20.2,16.4,23,73.5,67.8,79.1,20,16.2,22.9,73.2,67.4,78.8,19.7,16,22.6,72.7,66.8,78.5,19.7,16,22.5,71.6,65.6,77.6,19.6,16,22.3,70.6,64.2,77.2,19.2,15.4,22.1,70.9,64.8,77.1,19.1,15.5,21.9,71,64.9,77.3,19.2,15.6,21.9,71.9,66.1,77.8,19.5,16.1,22.1,71.9,66.1,77.7,19.5,16,22.1,71.7,65.9,77.5,19.3,16,21.9,71.5,65.7,77.4,19.5,16.1,22,72,66.5,77.4,19.5,16.4,21.9
Luxembourg,82.4,80.1,84.6,24.7,22.9,26.3,82.4,80,84.7,24.6,22.8,26.2,82.3,80.1,84.5,24.6,22.8,26.2,82.1,79.8,84.3,24.6,22.6,26.2,81.8,79.7,83.9,24.3,22.5,25.9,81.5,79.1,83.7,24.1,22.1,25.9,81.4,78.8,83.7,24,21.9,25.8,81.4,78.8,83.8,24,21.9,25.8,81.1,78.5,83.3,23.7,21.7,25.4,80.6,78,82.9,23.4,21.5,25.1,80.2,77.5,82.6,23.2,21.1,24.9,80,77.1,82.7,23.2,21,25.1,79.5,76.5,82.4,22.8,20.5,24.6,79.1,75.9,82.2,22.6,20.2,24.5,78.7,75.7,81.6,22.3,19.9,24.1,78.7,75.6,81.6,22.3,19.9,24.4,78.4,75.3,81.4,22.1,19.5,24.2
Madagascar,66.1,64.6,67.6,17.1,16.4,17.7,65.7,64.2,67.2,17,16.3,17.6,65.3,63.8,66.8,16.9,16.3,17.6,64.9,63.5,66.4,16.9,16.2,17.5,64.5,63,66,16.8,16.2,17.4,64,62.5,65.5,16.8,16.1,17.4,63.5,62,64.9,16.7,16.1,17.3,62.9,61.4,64.4,16.7,16,17.3,62.4,60.9,63.8,16.6,16,17.2,61.9,60.5,63.3,16.6,15.9,17.2,61.5,60.1,62.9,16.5,15.9,17.1,61,59.7,62.4,16.4,15.8,17,60.6,59.3,61.8,16.3,15.8,16.9,60.2,58.9,61.4,16.3,15.7,16.8,59.7,58.5,60.9,16.2,15.7,16.7,59.1,57.9,60.3,16,15.5,16.5,58.4,57.2,59.5,15.8,15.3,16.3
Malawi,64.2,61.4,66.8,17.4,16,18.5,63.4,60.7,66,17.3,16,18.4,62.6,59.9,65.2,17.2,15.9,18.4,61.6,58.9,64.1,17.1,15.8,18.3,60.2,57.7,62.6,17,15.7,18.1,59,56.6,61.3,16.9,15.6,18,57.6,55.3,59.9,16.7,15.4,17.9,56.1,53.9,58.2,16.5,15.2,17.7,54.3,52.3,56.2,16.3,15,17.5,52.5,50.8,54.2,16.1,14.8,17.2,50.9,49.5,52.3,15.8,14.6,16.9,49.6,48.4,50.8,15.6,14.4,16.7,48.6,47.4,49.6,15.4,14.3,16.4,47.8,46.6,48.9,15.2,14.2,16.3,47.1,45.9,48.3,15.1,14.1,16.1,46.5,45.2,47.7,15,13.9,16,45.9,44.5,47.3,14.9,13.8,15.9
Malaysia,75.3,73.2,77.6,19.9,18.9,21.1,75.1,73,77.5,19.8,18.8,21,74.9,72.8,77.3,19.7,18.7,20.8,74.8,72.7,77.2,19.6,18.6,20.7,74.6,72.5,77,19.5,18.4,20.5,74.4,72.3,76.8,19.3,18.3,20.3,74.2,72,76.6,19,18,20,73.9,71.7,76.4,18.8,17.8,19.8,73.7,71.4,76.2,18.6,17.6,19.6,73.5,71.3,76.1,18.5,17.5,19.5,73.4,71.1,75.9,18.4,17.4,19.4,73.2,70.9,75.8,18.3,17.3,19.3,73.1,70.8,75.7,18.2,17.3,19.2,73,70.7,75.5,18.1,17.2,19.1,72.8,70.5,75.4,18.1,17.1,19,72.7,70.4,75.2,18,17.1,18.9,72.5,70.3,75,17.9,17,18.8
Maldives,78.4,77.2,79.9,21,20.1,22.1,78.1,76.9,79.6,20.8,19.9,21.8,77.9,76.7,79.3,20.6,19.7,21.6,77.5,76.4,78.9,20.4,19.6,21.4,77.2,76.1,78.6,20.3,19.5,21.2,76.9,75.9,78.1,20.1,19.4,20.8,76.4,75.4,77.6,19.8,19.2,20.5,75.9,74.9,77.1,19.6,19,20.3,75.5,74.5,76.6,19.4,18.8,20,75,74,76.1,19,18.5,19.7,74.6,73.6,75.7,18.9,18.4,19.6,74.1,73.2,75.1,18.8,18.3,19.3,72.4,71.6,73.4,18.4,18.2,18.8,72.4,71.7,73.2,18.2,18.1,18.3,71.3,70.6,72.1,17.7,17.7,17.8,70.4,69.8,71,17.3,17.4,17.2,69.7,69.2,70,17.1,17.3,16.8
Mali,58,57.5,58.4,15.4,15.3,15.5,57.4,56.9,57.8,15.3,15.2,15.4,56.9,56.5,57.4,15.3,15.1,15.4,56.5,55.9,57,15.2,15.1,15.3,56.3,55.9,56.8,15.2,15.1,15.3,56,55.7,56.3,15.2,15.1,15.3,55.6,55.2,55.9,15.2,15.1,15.2,55.1,54.7,55.5,15.2,15.1,15.2,54.6,54.1,55,15.1,15.1,15.2,53.9,53.5,54.4,15.1,15,15.1,53.1,52.7,53.6,15,14.9,15,52.3,51.8,52.7,14.9,14.9,14.9,51.3,50.9,51.7,14.8,14.8,14.8,50.4,49.9,50.8,14.7,14.7,14.7,49.5,49.1,49.9,14.6,14.6,14.6,48.6,48.2,49.1,14.5,14.5,14.5,47.8,47.3,48.3,14.4,14.4,14.3
Malta,81.5,79.6,83.3,23.9,22.5,25.2,81.5,79.6,83.2,23.9,22.5,25.2,81.5,79.6,83.4,23.9,22.5,25.2,81.2,79.3,83.1,23.8,22.3,25.1,81,79.1,82.9,23.5,22,24.9,80.9,78.9,82.7,23.5,22.1,24.8,80.7,78.7,82.6,23.4,21.9,24.7,80.4,78.4,82.4,23.2,21.7,24.4,80.1,78,82.1,22.8,21.2,24.2,79.7,77.5,81.8,22.5,20.9,23.9,79.5,77.4,81.4,22.3,20.7,23.7,79.3,77.4,81.1,22,20.5,23.3,79,77.3,80.7,21.9,20.5,23.1,78.8,77,80.6,21.7,20.3,23,78.6,76.6,80.5,21.6,20.1,22.9,78.4,76.4,80.3,21.4,19.9,22.8,78,76.2,79.9,21,19.7,22.3
Mauritania,63.9,62.6,65.2,16.5,15.8,17.1,63.7,62.4,65,16.5,15.8,17.1,63.4,62.1,64.7,16.5,15.8,17.1,63.1,61.8,64.4,16.5,15.8,17.1,62.9,61.6,64.1,16.5,15.8,17,62.5,61.2,63.8,16.4,15.7,17,62.2,60.8,63.6,16.4,15.7,17,61.9,60.5,63.3,16.3,15.6,16.9,61.6,60.2,63,16.3,15.6,16.9,61.3,59.9,62.7,16.3,15.5,16.8,61.1,59.6,62.5,16.2,15.5,16.8,60.8,59.3,62.2,16.2,15.5,16.8,60.6,59.1,62.1,16.1,15.4,16.7,60.5,59,61.9,16.1,15.4,16.7,60.4,58.8,61.8,16.1,15.4,16.7,60.3,58.8,61.7,16.1,15.3,16.6,60.2,58.7,61.6,16,15.3,16.6
Mauritius,74.8,71.6,78.1,20.7,18.9,22.3,74.6,71.2,78,20.6,18.6,22.5,74.3,71.1,77.6,20.3,18.4,22.1,74.2,71,77.6,20.1,18.2,21.9,74,70.9,77.2,20.1,18.3,21.6,73.7,70.1,77.5,19.9,17.8,21.8,73.3,70,76.7,19.7,17.8,21.3,72.9,69.4,76.5,19.3,17.3,21,72.8,69.3,76.5,19.1,17,21.1,73,69.7,76.4,19.3,17.4,20.9,71.9,68.8,75.2,18,16.1,19.8,72.2,69,75.6,18.3,16.2,20.2,72.1,68.9,75.3,18.2,16.3,19.9,71.6,68.5,74.8,17.8,15.8,19.7,71.6,68.4,75,18,16.1,19.7,71.6,68.5,74.9,18,16,19.8,71.1,67.9,74.4,17.6,15.7,19.4
Mexico,76.6,74,79.2,22.3,21,23.5,76.2,73.6,78.9,22,20.7,23.3,76.2,73.6,78.9,22.1,20.8,23.4,76.3,73.6,79.1,22.2,20.9,23.5,76,73.2,78.9,22.1,20.8,23.4,75.7,72.8,78.7,22,20.7,23.3,75.2,72.3,78.1,21.5,20.2,22.8,75.4,72.7,78.2,21.8,20.4,23.1,75.3,72.6,78.1,21.6,20.2,22.8,75.7,73.1,78.3,21.9,20.5,23.1,75.5,72.8,78.1,21.7,20.3,23,75,72.5,77.6,21.4,20,22.6,75.2,72.6,77.7,21.6,20.2,22.9,74.8,72.2,77.4,21.4,20,22.7,74.8,72.2,77.5,21.5,20.1,22.8,74.8,72.2,77.5,21.7,20.2,22.9,74.5,71.8,77.3,21.6,20.1,22.9
Micronesia (Federated States of),69.6,68.4,70.8,17.3,16.5,18.1,69.3,68,70.6,17.3,16.4,18,69.3,68,70.5,17.3,16.5,18,69.1,68,70.3,17.2,16.4,18,69,67.8,70.1,17.2,16.4,18,68.8,67.7,69.9,17.2,16.4,17.9,68.7,67.6,69.8,17.2,16.4,17.9,68.5,67.4,69.5,17.2,16.4,17.9,68.3,67.2,69.4,17.2,16.4,17.8,68.1,67.1,69.1,17.1,16.4,17.8,67.9,67,68.9,17.1,16.4,17.8,67.7,66.7,68.7,17.1,16.4,17.7,67.6,66.6,68.6,17.1,16.3,17.7,67.4,66.5,68.3,17,16.3,17.7,66.1,65,67.3,16.7,16,17.4,67.2,66.2,68.1,17,16.3,17.6,67,66.1,67.9,16.9,16.2,17.6
Mongolia,69.8,65.7,74.2,17.3,15.2,19.2,69.6,65.5,74,17.2,15.2,19.1,69.4,65.4,73.8,17.2,15.2,19,69.2,65.1,73.6,17.1,15.1,18.9,68.9,64.9,73.3,17,15.1,18.8,68.4,64.4,72.8,16.8,15,18.5,67.8,63.7,72.2,16.6,14.8,18.2,67.1,63,71.5,16.3,14.6,17.9,66.4,62.4,70.8,16,14.4,17.6,66,62,70.3,15.9,14.3,17.5,65.5,61.6,69.8,15.7,14,17.3,64.9,61.1,69.2,15.4,13.7,17.1,64.4,60.6,68.6,15.1,13.4,16.9,63.9,60.2,68,14.9,13.2,16.6,63.5,59.9,67.4,14.7,13.1,16.4,63,59.7,66.6,14.6,13.1,16,62.4,59.4,65.6,14.4,13.2,15.6
Montenegro,76.8,74.4,79.2,20.2,18.6,21.7,76.6,74.1,79,20.1,18.4,21.6,76.4,73.9,78.8,20,18.3,21.5,76.2,73.7,78.6,19.8,18.2,21.3,75.9,73.4,78.4,19.7,18,21.2,75.6,73.1,78.1,19.5,17.8,21,75.6,73.1,78,19.5,17.9,21,75.2,72.7,77.6,19.3,17.6,20.7,74.8,72.3,77.3,19.1,17.4,20.5,74.4,71.8,76.9,18.8,17.2,20.3,74.1,71.4,76.7,18.7,17,20.1,73.8,71.1,76.4,18.5,16.8,20,73.7,71.1,76.3,18.5,16.8,20,73.6,71,76.1,18.5,16.8,20,73.5,70.9,76,18.5,16.9,20,73.3,70.8,75.7,18.5,17,19.8,73.1,70.5,75.6,18.4,17,19.7
Morocco,76,74.8,77,20.5,19.6,21.4,75.8,74.7,76.8,20.4,19.5,21.2,75.5,74.4,76.6,20.3,19.4,21.1,75.2,74.1,76.3,20.2,19.3,21,74.9,73.8,76,20.1,19.2,20.9,74.6,73.4,75.7,20,19,20.8,74.2,72.9,75.4,19.8,18.8,20.8,73.8,72.4,75.2,19.7,18.6,20.7,73.4,71.9,74.9,19.6,18.4,20.6,73.1,71.5,74.6,19.4,18.2,20.5,72.5,71,74,19.1,18,20.1,71.8,70.3,73.2,18.7,17.7,19.6,70.9,69.5,72.3,18.3,17.3,19.1,70.2,68.8,71.5,17.9,17.1,18.7,69.6,68.2,71,17.7,16.9,18.5,69.1,67.6,70.5,17.6,16.7,18.4,68.5,67,70,17.5,16.6,18.3
Mozambique,60.1,57.7,62.3,17.9,17,18.5,59,56.9,60.9,17.7,16.9,18.4,57.6,56,59.1,17.6,16.8,18.2,56.6,55.2,57.9,17.5,16.7,18.1,56.1,54.8,57.4,17.4,16.6,18,55.6,54.3,56.9,17.3,16.5,17.9,55,53.8,56.2,17.2,16.4,17.8,54.5,53.3,55.5,17.1,16.3,17.6,53.5,52.5,54.4,16.9,16.2,17.4,52.4,51.5,53.1,16.7,16,17.2,51.5,50.6,52.3,16.5,15.8,17,50.9,50,51.8,16.3,15.6,16.8,50.4,49.3,51.4,16.1,15.4,16.6,49.9,48.7,51,15.9,15.2,16.4,49.5,48.2,50.7,15.7,15,16.3,49,47.7,50.3,15.6,14.9,16.1,48.5,47,49.8,15.4,14.7,16
Myanmar,66.8,64.6,68.9,16.9,15.8,17.8,66.5,64.3,68.7,16.8,15.7,17.8,66.2,64,68.4,16.8,15.7,17.7,65.8,63.5,68.1,16.8,15.7,17.7,65.4,63,67.7,16.7,15.7,17.6,65,62.6,67.3,16.7,15.6,17.6,64.6,62.4,66.8,16.6,15.6,17.5,64.3,62.1,66.4,16.6,15.6,17.4,58.2,55.5,60.9,15.4,14.4,16.3,63.7,61.5,65.8,16.5,15.5,17.3,63.4,61.3,65.5,16.4,15.5,17.3,63.1,61,65.2,16.4,15.4,17.2,62.8,60.6,64.9,16.3,15.3,17.2,62.5,60.4,64.6,16.3,15.3,17.1,62.2,60.1,64.3,16.2,15.2,17.1,61.9,59.8,63.9,16.2,15.2,17,61.6,59.5,63.6,16.1,15.1,17
Namibia,63.7,61.1,66.1,16.7,15.3,17.8,63.4,60.9,65.7,16.7,15.3,17.7,63.6,60.8,66.1,16.7,15.3,17.7,63.3,60.4,65.9,16.6,15.3,17.6,62.7,59.8,65.4,16.5,15.2,17.6,61.8,59.2,64.3,16.4,15.1,17.5,61,58.7,63.2,16.4,15.1,17.4,60.6,58.2,62.7,16.3,15,17.3,59.6,57.2,61.8,16.2,14.9,17.2,57.3,55.5,59.1,16,14.7,17,55.2,53.6,56.6,15.8,14.5,16.8,53.7,52.4,54.9,15.6,14.3,16.6,52.9,51.8,53.9,15.5,14.2,16.5,53.3,52.1,54.4,15.5,14.3,16.5,54,52.7,55.3,15.5,14.3,16.6,55,53.4,56.4,15.6,14.4,16.7,55.9,54.2,57.6,15.7,14.5,16.8
Nepal,70.2,68.8,71.6,17.6,16.7,18.5,69,67.5,70.5,17.4,16.4,18.3,69.4,68,70.8,17.4,16.5,18.3,69.1,67.7,70.5,17.3,16.4,18.2,68.7,67.3,70.1,17.2,16.3,18.1,68.3,67,69.7,17.1,16.3,18,67.9,66.6,69.2,17,16.2,17.9,67.4,66.2,68.7,16.9,16.1,17.8,66.9,65.7,68.2,16.9,16,17.7,66.4,65.2,67.6,16.8,15.9,17.6,65.8,64.6,67,16.7,15.8,17.5,65.1,63.8,66.3,16.6,15.7,17.4,64.3,63,65.6,16.5,15.6,17.2,63.9,62.7,65,16.4,15.5,17.1,62.8,61.4,64.1,16.2,15.4,17,62.9,61.8,63.8,16.2,15.4,16.9,62.2,61.3,63.1,16.1,15.3,16.8
Netherlands,81.6,80,83.2,24,22.5,25.3,81.5,79.7,83.1,23.8,22.3,25.2,81.7,80,83.3,24.1,22.6,25.5,81.4,79.5,83.1,23.9,22.2,25.3,81.1,79.3,82.9,23.7,22.1,25.1,81.1,79.3,82.9,23.8,22.1,25.2,80.8,78.8,82.7,23.4,21.6,25,80.8,78.7,82.7,23.4,21.5,25.1,80.5,78.5,82.4,23.2,21.4,24.8,80.4,78.2,82.4,23.1,21.1,24.8,79.9,77.8,81.9,22.8,20.8,24.4,79.5,77.3,81.6,22.4,20.4,24.2,79.3,77,81.5,22.4,20.3,24.2,78.8,76.4,81,22,19.9,23.8,78.5,76.1,80.8,21.7,19.6,23.6,78.4,75.9,80.8,21.7,19.5,23.6,78.2,75.6,80.6,21.4,19.2,23.4
New Zealand,82.2,80.5,84,25.3,24.1,26.4,82,80.3,83.7,25.1,23.8,26.2,81.9,80.1,83.6,24.9,23.7,26.1,81.9,80,83.7,24.8,23.5,26.1,81.4,79.5,83.2,24.4,23.1,25.7,81,79.2,82.7,24.2,23,25.3,81.2,79.3,83.1,24.4,23,25.7,80.7,78.7,82.7,24,22.6,25.4,80.4,78.4,82.3,23.7,22.3,25.1,80.3,78.2,82.4,23.7,22.2,25.1,80.1,78.1,82.1,23.5,22,24.8,80.1,78,82.2,23.6,22.1,25,79.5,77.3,81.5,22.9,21.3,24.4,79.3,77.1,81.5,22.9,21.2,24.4,79,76.7,81.2,22.5,20.8,24.1,78.7,76.3,81,22.3,20.5,23.9,78.8,76.2,81.3,22.6,20.6,24.4
Nicaragua,75.5,72.5,78.4,22.8,21.5,23.9,75.2,72.2,78.2,22.7,21.4,23.8,75,72,77.9,22.5,21.2,23.6,74.7,71.7,77.7,22.4,21.1,23.5,74.5,71.4,77.4,22.2,20.9,23.3,74.2,71.1,77.2,22.1,20.8,23.2,73.9,70.8,76.8,21.9,20.6,23,73.6,70.5,76.5,21.7,20.5,22.8,73.2,70.1,76.2,21.5,20.3,22.6,72.7,69.6,75.7,21.3,20.2,22.4,72.3,69.3,75.3,21.2,20.1,22.2,71.8,68.8,74.8,21,19.9,21.9,71.3,68.4,74.2,20.8,19.8,21.6,70.9,68,73.7,20.6,19.6,21.3,70.5,67.6,73.3,20.4,19.5,21.1,70.1,67.3,72.8,20.1,19.3,20.9,69.7,66.9,72.4,19.9,19,20.6
Niger,59.8,59,60.8,16.2,15.6,16.8,59.2,58.3,60.2,16.1,15.5,16.8,58.9,58.1,59.8,16.1,15.5,16.7,58.3,57.6,59.2,16,15.5,16.6,57.8,57,58.6,16,15.4,16.5,57.1,56.4,57.9,15.8,15.3,16.3,56.3,55.6,57,15.6,15.2,16,55.4,54.8,56,15.4,15.1,15.7,54.5,54,55.2,15.2,15,15.5,53.8,53.2,54.3,15.2,15,15.4,52.9,52.4,53.5,15.1,14.9,15.3,52.1,51.6,52.6,15.1,14.9,15.3,51.2,50.7,51.7,15.1,14.9,15.3,50.4,50,50.9,15.1,14.9,15.2,49.7,49.2,50.1,15.1,14.9,15.2,48.9,48.5,49.4,15,14.8,15.2,48.2,47.7,48.6,15,14.8,15.2
Nigeria,55.2,54.7,55.7,13.9,13.7,14.2,54.8,54.3,55.3,13.9,13.6,14.1,54.3,53.8,54.8,13.8,13.5,14,53.8,53.4,54.2,13.7,13.5,13.9,53.2,53,53.5,13.6,13.4,13.9,52.8,52.5,53,13.6,13.4,13.8,52.4,52.1,52.6,13.5,13.3,13.7,51.9,51.6,52.2,13.5,13.3,13.7,51.4,51.1,51.6,13.4,13.2,13.6,50.9,50.6,51.1,13.3,13.1,13.5,50.2,49.9,50.5,13.2,13,13.4,49.5,49.2,49.8,13.1,12.9,13.3,48.8,48.5,49.1,13,12.8,13.2,48.3,47.9,48.6,12.9,12.7,13.1,47.9,47.5,48.3,12.9,12.7,13.1,47.6,47.2,48,13,12.8,13.2,47.3,46.9,47.8,13,12.8,13.2
Norway,82.5,80.6,84.3,24.7,23.2,26.1,82.3,80.5,84.1,24.5,23,25.9,82.2,80.2,84.2,24.6,22.9,26.1,81.9,79.8,83.8,24.3,22.7,25.8,81.6,79.6,83.5,24,22.5,25.4,81.3,79,83.5,24,22.3,25.6,81.1,78.9,83.2,23.7,22,25.3,81,78.8,83.2,23.7,22,25.3,80.8,78.4,83,23.5,21.7,25.2,80.6,78.4,82.8,23.3,21.5,25,80.5,78.3,82.7,23.4,21.6,24.9,80.3,77.9,82.6,23.2,21.3,24.9,80.1,77.6,82.4,23.2,21.3,24.9,79.7,77.2,82.1,22.8,20.9,24.6,79.1,76.6,81.7,22.4,20.4,24.2,79,76.4,81.6,22.3,20.3,24.2,78.8,76,81.4,22.2,20.1,24
Oman,77,75.3,79.5,21.2,19.9,22.6,76.8,75.1,79.3,21,19.7,22.4,76.6,74.9,79.1,20.9,19.6,22.3,76.4,74.6,78.9,20.7,19.4,22.1,76.1,74.4,78.6,20.5,19.3,21.9,75.9,74.1,78.4,20.3,19.1,21.7,75.6,73.8,78.2,20.1,18.9,21.6,75.4,73.6,77.9,20,18.7,21.4,75.2,73.3,77.7,19.8,18.5,21.2,74.8,73,77.3,19.6,18.3,21,74.7,72.8,77.1,19.5,18.2,20.8,74.4,72.5,76.8,19.3,18.1,20.6,74.1,72.2,76.4,19.1,18,20.4,73.7,71.8,76,19,17.8,20.1,73.4,71.5,75.7,18.8,17.7,19.9,73.1,71.2,75.3,18.7,17.6,19.8,72.7,70.9,74.9,18.5,17.4,19.6
Pakistan,66.5,65.7,67.4,17.8,17.6,18.1,66.1,65.2,67,17.8,17.6,18,65.9,65,66.8,17.8,17.6,18,65.8,65,66.7,17.8,17.6,18,65.6,64.8,66.5,17.8,17.6,18,65.4,64.6,66.2,17.7,17.5,17.9,65,64.1,65.9,17.6,17.3,17.8,64.7,63.8,65.6,17.5,17.2,17.8,64.4,63.6,65.3,17.4,17.1,17.7,64.1,63.4,65,17.4,17,17.7,63.9,63.2,64.6,17.4,17,17.7,62.6,61.8,63.4,17.1,16.7,17.5,63.5,63,64.2,17.4,17,17.7,63.4,62.9,64,17.4,17,17.7,63.3,62.8,63.9,17.4,17,17.7,63.1,62.6,63.7,17.3,17,17.7,62.9,62.4,63.5,17.3,17,17.7
Panama,78,75,81.2,24,22.3,25.6,77.9,74.9,81.1,23.9,22.2,25.5,77.8,74.9,80.8,23.7,22.2,25.3,77.6,74.7,80.7,23.7,22.1,25.3,77.3,74.1,80.7,23.6,21.9,25.3,77.3,74.3,80.6,23.7,22,25.4,76.7,73.5,80.1,23,21.3,24.8,76.9,73.6,80.4,23.5,21.9,25.2,76.6,73.6,80,23.3,21.7,24.9,76.6,73.7,79.8,23.1,21.5,24.9,76.4,73.6,79.4,22.9,21.4,24.4,76,73.5,78.8,22.4,21.1,23.8,76.1,73.5,79,22.6,21,24.2,75.8,73,78.9,22.5,20.9,24.2,76,73.3,79,22.6,21.1,24.2,75.7,72.9,78.9,22.5,20.8,24.2,75.8,72.9,79,22.6,21,24.4
Papua New Guinea,65.9,63.6,68.3,16.9,15.2,18.5,65.7,63.4,68.1,16.9,15.2,18.5,65.5,63.2,67.8,16.8,15.1,18.5,65.2,63,67.6,16.8,15.1,18.4,65,62.7,67.3,16.8,15.1,18.4,64.8,62.6,67.1,16.8,15.1,18.4,64.6,62.4,66.9,16.7,15,18.3,64.4,62.2,66.7,16.7,15,18.3,64.2,62,66.5,16.6,15,18.3,63.8,61.6,66.1,16.6,14.9,18.2,63.4,61.3,65.7,16.5,14.8,18.1,63.1,60.9,65.3,16.4,14.7,17.9,62.7,60.6,65,16.2,14.6,17.8,62.5,60.4,64.7,16.1,14.5,17.7,62.3,60.1,64.5,16,14.4,17.6,62.1,60,64.4,16,14.4,17.5,61.9,59.8,64.2,15.9,14.3,17.5
Paraguay,74.2,72.4,76.1,21.2,20.1,22.4,74.1,72.2,76,21.2,20.1,22.3,74,72.1,75.9,21.1,20,22.3,73.8,72,75.8,21.1,20,22.2,73.7,71.9,75.6,21,19.9,22.1,73.6,71.8,75.5,20.9,19.9,22,73.4,71.6,75.3,20.8,19.8,21.9,73.1,71.3,75,20.7,19.7,21.8,72.8,71,74.7,20.7,19.6,21.7,72.5,70.7,74.5,20.6,19.5,21.6,72.3,70.5,74.2,20.5,19.5,21.5,72.1,70.2,74,20.4,19.4,21.4,71.9,70.1,73.8,20.4,19.4,21.3,71.7,69.9,73.6,20.3,19.3,21.3,71.6,69.8,73.5,20.2,19.2,21.1,71.4,69.5,73.3,20.1,19.1,21,71.1,69.2,73,19.9,18.9,20.8
Peru,75.9,73.4,78.3,21.6,20.1,23.1,75.6,73.2,78.1,21.5,20,22.9,75.4,73,77.9,21.4,19.9,22.8,75.2,72.8,77.7,21.3,19.8,22.7,75,72.6,77.4,21.2,19.7,22.6,74.8,72.4,77.2,21.1,19.6,22.5,74.6,72.1,77,21,19.6,22.4,74.3,71.8,76.8,20.9,19.5,22.3,74.1,71.7,76.6,20.8,19.4,22.2,73.8,71.3,76.3,20.7,19.3,22.1,73.5,71.1,76,20.6,19.2,22,73.2,70.8,75.7,20.5,19.1,21.8,72.9,70.5,75.3,20.3,19,21.6,72.5,70.1,75,20.2,18.9,21.5,72.1,69.7,74.6,20.1,18.8,21.3,71.7,69.3,74.1,19.9,18.7,21.2,71.3,69,73.7,19.8,18.6,21
Philippines,69.3,66.2,72.6,17.6,15.7,19.4,69.2,66.1,72.5,17.5,15.7,19.3,69,65.9,72.3,17.5,15.6,19.2,68.7,65.6,72.1,17.4,15.5,19.1,68.6,65.5,71.9,17.3,15.4,19.1,68.5,65.4,71.9,17.3,15.4,19.1,68.3,65.2,71.6,17.1,15.3,18.9,67.9,64.7,71.3,16.9,15,18.7,67.9,64.7,71.3,16.9,15,18.7,67.8,64.6,71.3,16.9,15,18.6,67.3,64.1,70.7,16.6,14.7,18.3,67.1,64,70.6,16.4,14.6,18.2,67.4,64.2,70.8,16.7,14.9,18.5,67.2,64.1,70.6,16.7,14.8,18.4,66.8,63.8,70.1,16.4,14.6,18,66.9,63.8,70.1,16.5,14.7,18.2,66.9,63.9,70.1,16.6,14.8,18.2
Poland,77.8,73.8,81.6,21.8,19.1,24.1,77.4,73.4,81.3,21.5,18.8,23.8,77.6,73.6,81.5,21.8,19,24.1,77,72.9,81,21.4,18.6,23.7,76.7,72.6,80.8,21.3,18.5,23.6,76.6,72.4,80.8,21.3,18.5,23.6,76.3,72,80.4,21,18.2,23.3,75.8,71.5,80,20.7,17.9,23,75.6,71.3,79.9,20.7,17.9,23,75.4,71,79.7,20.5,17.7,22.9,75.3,71,79.6,20.5,17.6,22.8,75,70.8,79.3,20.2,17.4,22.5,75,70.7,79.3,20.1,17.2,22.5,74.8,70.6,79,19.8,17,22.2,74.6,70.4,78.8,19.8,17,22.2,74.2,70,78.4,19.5,16.8,21.8,73.7,69.5,77.9,19.2,16.5,21.4
Portugal,81.5,78.3,84.5,24.5,22.3,26.4,81.3,78.2,84.3,24.3,22.1,26.2,81.2,78.1,84.2,24.3,22.1,26.2,80.9,77.7,83.8,24,21.8,25.9,80.5,77.4,83.5,23.7,21.6,25.6,80.5,77.4,83.5,23.9,21.7,25.7,80,76.8,83,23.4,21.2,25.3,79.8,76.7,82.9,23.3,21.2,25.2,79.6,76.4,82.7,23.2,21,25.1,79.3,76,82.5,23,20.8,24.9,78.9,75.6,82.1,22.7,20.5,24.6,78.6,75.3,81.8,22.5,20.3,24.4,78.3,74.9,81.6,22.3,20.1,24.3,77.6,74.3,80.9,21.8,19.7,23.7,77.5,74,80.9,21.9,19.7,23.8,77.2,73.6,80.7,21.7,19.5,23.6,76.9,73.3,80.4,21.5,19.3,23.4
Qatar,78.1,77.3,79.9,20.9,20.4,22,78,77.1,79.7,20.9,20.3,21.9,77.9,77,79.6,20.8,20.2,21.8,77.7,76.9,79.5,20.7,20.1,21.7,77.6,76.8,79.3,20.6,20,21.6,77.4,76.6,79.1,20.5,19.9,21.4,77.2,76.3,78.9,20.3,19.6,21.3,76.9,76,78.7,20,19.4,21.1,76.7,75.8,78.6,19.9,19.1,21,76.7,75.7,78.5,19.8,19.1,21,76.7,75.7,78.5,19.9,19.2,21,76.8,75.7,78.4,19.9,19.2,20.9,76.7,75.6,78.3,20,19.3,20.9,76.6,75.5,78.1,20,19.3,20.9,76.5,75.4,78,19.9,19.3,20.9,76.3,75.4,77.9,19.9,19.2,20.8,76.2,75.3,77.7,19.8,19.2,20.8
Republic of Korea,82.7,79.5,85.6,25.3,22.7,27.4,82.3,79.1,85.3,25,22.4,27.1,82.2,78.8,85.3,25,22.3,27.1,81.8,78.4,84.9,24.6,22,26.8,81.3,77.9,84.4,24.2,21.5,26.4,81.1,77.6,84.3,24.2,21.5,26.4,80.7,77.2,83.9,23.8,21.1,26,80.6,77,83.8,23.8,21.1,26,80.2,76.7,83.4,23.4,20.7,25.6,79.7,76.3,82.9,23,20.4,25.1,79.3,75.9,82.5,22.7,20.1,24.8,78.7,75.3,81.9,22.2,19.6,24.3,78.3,74.8,81.6,22,19.3,24.1,77.8,74.3,81.2,21.7,19.2,23.8,77.4,73.8,80.7,21.4,18.8,23.3,77,73.3,80.5,21.2,18.6,23.3,76.3,72.5,79.9,20.8,18.2,22.8
Republic of Moldova,71.5,67.6,75.3,17.6,15.3,19.4,70.8,66.9,74.6,17.2,15,19,70.8,67,74.6,17.3,15.1,19,71.3,67.6,75,17.5,15.4,19.2,70.6,66.6,74.5,17.1,15,18.9,70.5,66.6,74.4,17,15,18.7,68.8,64.7,72.9,16.3,14.3,17.9,69.2,65.2,73.2,16.6,14.6,18.2,69.3,65.4,73.1,16.8,14.9,18.3,68.7,64.8,72.5,16.5,14.6,17.9,68.3,64.4,72.2,16.3,14.4,17.8,67.7,63.7,71.6,15.7,13.8,17.3,68.4,64.5,72.3,16.1,14.1,17.7,68,64.4,71.5,15.8,13.9,17.2,67.9,64.2,71.6,16,14.1,17.5,68,64.2,71.7,16.4,14.5,17.9,67.4,63.6,71,16.1,14.3,17.5
Republic of North Macedonia,75.9,73.8,78,19.5,18.1,20.8,75.7,73.6,77.8,19.4,18,20.6,75.6,73.5,77.7,19.3,17.9,20.6,75.6,73.6,77.8,19.4,18,20.7,75.1,73.1,77.2,18.8,17.5,20.1,75,73,77.1,18.8,17.5,20.1,74.8,72.7,77.1,18.8,17.4,20.1,74.7,72.5,76.9,18.7,17.4,20,74.5,72.4,76.6,18.6,17.2,19.9,73.9,71.7,76.1,18.2,16.9,19.5,74.1,71.8,76.5,18.5,17.1,19.8,74,71.7,76.4,18.4,17,19.7,73.9,71.6,76.3,18.4,17,19.7,73.6,71.1,76.2,18.3,16.9,19.6,73.2,70.5,76,18.1,16.6,19.5,73.3,70.7,76.1,18.3,16.9,19.7,73,70.7,75.4,17.8,16.5,19.1
Romania,75.2,71.6,79,20.1,17.8,22.2,74.9,71.3,78.7,19.9,17.5,21.9,74.9,71.3,78.7,20,17.7,22.1,75.1,71.5,78.7,20.1,17.8,22.1,74.5,70.9,78.2,19.7,17.5,21.7,74.4,70.8,78.1,19.7,17.5,21.6,73.6,69.8,77.5,19.3,17.1,21.3,73.4,69.6,77.3,19.3,17.1,21.3,73.4,69.6,77.2,19.4,17.2,21.3,73.3,69.7,77,19.3,17.2,21.1,72.8,69.3,76.4,18.9,16.9,20.7,72.3,68.8,75.9,18.6,16.6,20.3,72.1,68.5,75.9,18.6,16.6,20.4,71.5,67.8,75.3,18.3,16.2,20.1,71.1,67.4,74.9,18.1,16.1,19.9,71.1,67.5,75,18.3,16.3,20,71.1,67.6,74.7,18.2,16.4,19.8
Russian Federation,71.9,66.4,77.2,19.4,16.1,21.8,71.5,66,76.9,19.3,16,21.6,71.1,65.6,76.6,19.1,15.8,21.4,70.7,65.1,76.2,18.8,15.6,21.2,70.2,64.5,75.8,18.6,15.4,21,69.9,64.1,75.6,18.5,15.3,20.9,68.9,63,74.8,17.8,14.6,20.2,68.7,62.8,74.7,17.8,14.5,20.3,67.9,61.8,74.2,17.7,14.4,20.1,67.6,61.5,74,17.7,14.4,20,66.7,60.5,73.3,17.3,14.1,19.6,65.2,58.8,72.3,16.6,13.2,19,65.1,58.7,72.2,16.4,13,18.9,64.6,58.2,71.7,15.9,12.6,18.5,64.8,58.5,71.8,16,12.6,18.5,65,58.7,72.1,16.3,13.1,18.8,65,58.7,72,16.4,13.2,18.8
Rwanda,68,66.1,69.9,18.5,17.7,19.2,67.6,61.9,69.4,17.4,17.6,18.1,67.2,61.1,67.1,17.3,16.3,19,63.7,60.4,68.3,18.2,16.2,18,66,59.7,67.6,18.1,17.4,17.9,65.2,58.9,65.7,18.1,16,17.8,61.6,62.6,64.9,17.9,15.8,17.7,59.9,56.1,64.2,16.7,17,18.4,61.9,60.4,63.3,17.7,15.6,18.3,58.8,55.2,62.2,16.5,15.4,18,57.8,53.3,59,16.1,16.5,17.6,54.1,51,57.1,15.7,16,16.5,51.9,52,54.6,15.3,14.4,16.1,51.2,47.4,51.7,15,15.3,15.8,48.8,46,50.2,15.3,13.9,15.5,46.5,46.8,48.3,14.4,13.6,15.2,46.6,46.2,48.4,14.2,13.4,14.9
Saint Lucia,75.6,73,78.3,22.1,20.4,23.7,75.4,72.8,78.2,21.9,20.3,23.5,75.1,72.5,77.7,21.3,19.8,22.7,75,72.3,77.7,21.5,19.9,23.2,74.9,72.4,77.5,21.7,20,23.4,75,72.4,77.6,21.9,20.2,23.5,74.7,72,77.4,21.6,20,23.2,74.6,72,77.3,21.4,19.9,22.8,74.2,71.7,76.8,20.9,19.5,22.2,73.8,71.3,76.3,20.4,19.1,21.7,73.2,70.7,75.6,19.8,18.5,21.1,72.5,70,75,19.2,17.9,20.5,72.2,69.9,74.5,19.1,18,20.1,72.1,70,74.3,19.2,18.3,20,72.3,70.2,74.3,19.6,19,20.1,72.3,70.3,74.3,19.8,19.3,20.2,72.2,70.2,74.1,19.9,19.4,20.3
Saint Vincent and the Grenadines,72,69.4,74.9,19.1,17.6,20.7,72.3,69.7,75.1,19.4,17.9,20.9,71.9,69.4,74.7,19.3,17.8,20.7,71.8,69.5,74.2,19.2,17.8,20.5,71.9,69.8,74.2,19.2,17.9,20.4,72.1,70.1,74.2,19.2,18,20.3,72.1,70.1,74.2,19.1,18,20.2,72.2,70.4,74,19.4,18.3,20.4,72,70.1,74,19.6,18.6,20.6,71.9,70,73.9,19.7,18.8,20.6,71.5,69.3,73.8,19.5,18.6,20.2,71.2,68.9,73.5,19.1,18.3,19.8,70.9,68.7,73.3,19,18,19.9,70.9,68.8,73.1,19,17.9,20,70.9,68.9,73.1,19.3,18.1,20.4,70.9,68.8,73.1,19.3,18.1,20.5,70.9,68.8,73,19.3,18.1,20.3
Samoa,75.1,72,78.4,20.1,17.6,22.6,74.8,71.8,78.2,20,17.4,22.5,74.6,71.6,78,19.8,17.3,22.3,74.4,71.4,77.8,19.6,17.1,22.2,74,71,77.4,19.4,16.9,21.9,73.7,70.7,77.1,19.2,16.7,21.7,73.3,70.2,76.7,18.9,16.5,21.4,71.1,68,74.6,18.2,15.8,20.8,72.8,69.8,76.3,18.5,16.1,21,72.5,69.5,75.9,18.3,15.9,20.8,72.1,69.2,75.6,18.1,15.8,20.6,71.6,68.6,75.1,17.9,15.6,20.3,71.4,68.4,74.8,17.7,15.5,20.2,70.8,67.9,74.3,17.5,15.3,19.9,70.4,67.5,73.9,17.3,15.2,19.7,70.3,67.4,73.8,17.2,15.1,19.6,70,67.1,73.5,17.1,15,19.5
Sao Tome and Principe,68.7,66.7,70.7,18.3,17.5,18.9,68.5,66.6,70.5,18.3,17.5,18.9,68.3,66.3,70.2,18.2,17.5,18.9,68.1,66.1,69.9,18.2,17.5,18.8,67.7,65.7,69.6,18.2,17.4,18.8,67.3,65.3,69.4,18.2,17.4,18.8,67,65,69,18.2,17.4,18.8,66.6,64.5,68.6,18.1,17.4,18.7,66.1,64.1,68.2,18.1,17.4,18.7,65.8,63.8,67.8,18.1,17.4,18.7,65.4,63.4,67.4,18,17.3,18.6,64.9,63,66.7,17.9,17.2,18.5,64.5,62.6,66.3,17.8,17.1,18.4,64.2,62.3,66,17.7,17.1,18.3,63.8,62,65.6,17.7,17,18.3,63.4,61.7,65.2,17.6,17,18.2,62.9,61.2,64.7,17.6,17,18.2
Saudi Arabia,74.8,73.5,76.5,18.7,17.7,20.1,74.6,73.3,76.3,18.6,17.6,19.9,74.4,73.2,76.1,18.5,17.6,19.8,74.3,73,75.9,18.5,17.5,19.7,74.2,72.9,75.8,18.4,17.4,19.6,74,72.7,75.6,18.3,17.3,19.5,73.8,72.5,75.4,18.2,17.2,19.4,73.6,72.3,75.2,18.1,17.1,19.3,73.5,72.2,75.1,18.1,17.1,19.3,73.4,72.1,75,18.1,17.1,19.3,73.3,72,75,18.1,17.1,19.3,73.3,72,74.9,18.1,17.1,19.3,73.3,71.9,74.9,18.1,17.1,19.4,73.2,71.8,74.8,18.1,17.1,19.4,73,71.6,74.7,18.1,17.1,19.4,72.9,71.4,74.6,18.1,17,19.4,72.7,71.1,74.5,18.1,16.9,19.4
Senegal,66.8,64.7,68.7,16.9,15.9,17.7,66.4,64.4,68.3,16.8,15.8,17.7,66,64,67.8,16.8,15.8,17.6,65.5,63.6,67.4,16.7,15.7,17.5,65.1,63.2,66.8,16.6,15.7,17.4,64.5,62.7,66.1,16.5,15.6,17.3,63.9,62.3,65.4,16.4,15.6,17.1,63.2,61.8,64.5,16.2,15.5,16.9,62.5,61.1,63.7,16.1,15.4,16.7,61.5,60.3,62.7,16,15.3,16.6,60.7,59.4,61.9,15.9,15.2,16.5,60,58.6,61.3,15.8,15.1,16.4,59.2,57.7,60.7,15.7,14.9,16.4,58.5,56.9,60,15.6,14.9,16.3,57.9,56.3,59.4,15.6,14.9,16.3,57.3,55.8,58.8,15.6,14.9,16.3,56.8,55.4,58.2,15.6,14.9,16.3
Serbia,76.3,73.8,78.9,19.8,18,21.5,75.9,73.4,78.5,19.5,17.8,21.1,76,73.4,78.5,19.6,17.9,21.2,75.9,73.3,78.5,19.6,17.8,21.2,75.5,72.9,78.1,19.3,17.6,20.9,75.2,72.6,77.7,19.1,17.4,20.6,74.9,72.4,77.4,18.9,17.3,20.3,74.6,72,77.2,18.8,17.1,20.2,74.5,71.9,77.1,18.7,17.2,20.2,74.3,71.6,77,18.5,16.9,20,74.1,71.4,76.7,18.3,16.7,19.8,73.4,70.8,76.1,17.8,16.1,19.3,73.4,70.7,76.1,17.8,16.1,19.3,73.2,70.6,75.8,17.7,16.1,19.2,73.1,70.4,75.7,17.7,16,19.1,73.1,70.5,75.8,18,16.3,19.4,72.5,69.8,75.2,17.4,15.8,18.9
Seychelles,73.3,69,78,19.6,17.1,22.3,73.1,69,77.8,19.5,17,22.2,72.9,68.7,77.8,19.5,17,22.1,72.8,68.6,77.6,19.4,16.9,22,72.6,68.5,77.5,19.3,16.8,21.9,72.4,68.3,77.3,19.2,16.8,21.8,72.3,68.2,77.2,19.2,16.7,21.6,72.2,68,77.1,19.1,16.7,21.5,72.1,68,77,19.1,16.6,21.5,72.1,67.9,76.9,19.1,16.6,21.4,72.1,67.9,76.8,19.1,16.6,21.3,72.2,68,76.8,19.1,16.6,21.3,72,67.9,76.6,19.1,16.6,21.2,72.1,68,76.5,19.1,16.6,21.2,72,67.9,76.5,19,16.6,21.2,71.9,67.8,76.4,18.9,16.5,21.1,71.7,67.5,76.4,18.8,16.3,21
Sierra Leone,53.1,52.5,53.8,13.3,13.3,13.4,51.4,50.7,52,13.1,13,13.2,49.6,48.9,50.2,12.8,12.7,12.8,51.7,51.2,52.3,13.2,13.2,13.2,51.1,50.6,51.6,13.1,13.1,13.1,50.2,49.7,50.8,13,13,13,49.2,48.6,49.8,12.9,12.8,12.9,48.1,47.4,48.8,12.7,12.6,12.8,47.1,46.3,47.9,12.5,12.4,12.6,46.2,45.4,47,12.4,12.3,12.5,45.2,44.3,46.2,12.2,12.1,12.4,44.2,43.1,45.4,12,11.8,12.3,43.4,42,44.7,11.9,11.6,12.1,42.5,41.1,43.9,11.7,11.4,12,41.7,40.4,43.1,11.5,11.2,11.8,40.9,39.8,42,11.2,11,11.4,39.8,39,40.7,10.9,10.7,11.1
Singapore,82.9,80.8,85,25,23.2,26.7,82.7,80.6,84.8,24.9,23.1,26.6,82.6,80.4,84.7,24.7,22.9,26.4,82.4,80.1,84.6,24.6,22.8,26.3,82.2,80,84.4,24.5,22.6,26.3,82,79.7,84.2,24.4,22.5,26.1,81.8,79.3,84.2,24.2,22.1,26,81.7,79.3,84,24.2,22.2,25.9,81.2,78.9,83.5,23.8,22,25.5,80.8,78.4,83.2,23.4,21.5,25.2,80.8,78.5,83,23.5,21.8,25.2,80.4,78.1,82.7,23.2,21.5,24.8,80.2,77.9,82.5,23,21.1,24.8,79.5,77.1,81.9,22.3,20.5,24.1,79.2,77,81.5,22.2,20.5,23.8,79.1,76.8,81.4,22.1,20.3,23.8,78.5,76.2,80.8,21.5,19.8,23.2
Slovakia,77.4,73.8,80.9,21.3,18.7,23.5,77.1,73.5,80.6,21.1,18.5,23.2,76.9,73.3,80.4,20.9,18.3,23.1,76.6,72.9,80.1,20.6,18,22.8,76.2,72.5,79.8,20.4,17.9,22.5,75.9,72.1,79.6,20.2,17.6,22.4,75.5,71.6,79.2,19.8,17.2,22,75.3,71.4,79,19.9,17.3,22,74.9,70.9,78.9,19.7,17.1,21.9,74.6,70.6,78.5,19.5,16.8,21.6,74.5,70.5,78.5,19.3,16.6,21.5,74.2,70.2,78.2,19.1,16.4,21.2,74.3,70.4,78.2,19.2,16.5,21.4,74,70,78.1,19.1,16.4,21.2,73.9,69.8,78,19,16.4,21.2,73.6,69.5,77.7,18.7,16,21,73.2,69.1,77.4,18.4,15.7,20.6
Slovenia,80.9,78,83.7,23.7,21.5,25.6,80.6,77.6,83.5,23.4,21.2,25.4,80.9,78,83.7,23.6,21.4,25.6,80.3,77.2,83.3,23.2,20.9,25.3,80,77,82.9,23,20.7,25,79.9,76.8,82.9,23,20.6,25,79.5,76.2,82.8,22.8,20.3,24.9,79.1,75.8,82.4,22.5,20,24.6,79,75.5,82.3,22.6,20.1,24.6,78.3,74.6,81.9,22.2,19.5,24.4,78.2,74.4,81.9,22.2,19.5,24.2,77.6,74,81,21.4,18.8,23.6,77.3,73.5,80.9,21.5,18.7,23.8,76.6,72.6,80.5,20.9,18,23.2,76.7,72.7,80.5,21,18,23.3,76.4,72.3,80.3,20.9,18,23.2,76.1,72.3,79.8,20.5,17.7,22.8
Solomon Islands,71.1,69.7,72.7,17.7,16.8,18.7,70.9,69.5,72.4,17.6,16.8,18.6,70.5,69.1,72,17.5,16.6,18.4,70.4,69.1,71.9,17.4,16.6,18.4,70.2,68.9,71.6,17.3,16.5,18.3,70,68.7,71.4,17.2,16.5,18.2,69.7,68.4,71.1,17.1,16.4,18,69.3,68,70.7,17,16.2,17.9,69.1,67.9,70.4,16.9,16.2,17.8,68.5,67.2,69.9,16.8,16,17.6,68.5,67.3,69.8,16.7,16,17.6,68.2,66.9,69.5,16.6,15.9,17.5,67.9,66.6,69.2,16.5,15.8,17.4,67.5,66.3,68.9,16.4,15.7,17.3,67.2,66,68.5,16.3,15.6,17.2,66.8,65.7,68.1,16.2,15.5,17.1,66.5,65.5,67.6,16.1,15.5,16.9
Somalia,55.4,53.7,57.3,16.3,15.7,16.8,55.6,54.1,57.1,16.3,15.8,16.8,55.1,53.6,56.7,16.2,15.7,16.8,54.8,53.4,56.3,16.2,15.7,16.7,53.9,52.2,55.6,16.1,15.6,16.7,53.7,52.1,55.3,16.1,15.6,16.6,53,51.4,54.7,16.1,15.5,16.6,52.7,51.2,54.3,16,15.5,16.6,52.2,50.7,53.8,16,15.4,16.5,51.7,50.1,53.3,15.9,15.3,16.5,51.6,50.1,53.1,15.9,15.3,16.4,51.6,50.3,53,15.8,15.3,16.4,51.4,50,52.8,15.7,15.1,16.3,51.4,50,52.9,15.7,15.1,16.2,51.3,49.9,52.8,15.6,15.1,16.2,51.3,49.9,52.7,15.6,15,16.1,51.1,49.7,52.5,15.6,15,16.1
South Africa,63.6,60.2,67,16.6,14,18.8,63.3,60,66.7,16.5,13.9,18.7,62.8,59.3,66.3,16.4,13.8,18.7,61.9,58.3,65.5,16.3,13.7,18.6,60.7,57.3,64.2,16.2,13.6,18.4,59.1,56.4,61.8,16,13.6,18.2,58,55.6,60.4,16,13.6,18.1,56.8,54.3,59.2,15.9,13.5,17.9,55.6,53.5,57.7,15.8,13.5,17.8,54.8,52.9,56.6,15.7,13.5,17.8,54.4,52.6,56.2,15.7,13.5,17.7,54.4,52.6,56.2,15.7,13.4,17.8,54.9,53,56.9,15.7,13.4,17.8,55.8,53.6,58.1,15.7,13.4,17.8,56.8,54.4,59.4,15.7,13.4,17.8,57.9,55.2,60.7,15.7,13.4,17.8,59,56.1,62,15.7,13.4,17.8
South Sudan,58.6,57.7,59.6,16.6,16.1,17.1,58.2,57.3,59.1,16.6,16,17.1,57.3,56.2,58.4,16.5,15.9,17,57.1,56.1,58.1,16.4,15.9,16.9,57,56.1,57.8,16.4,15.9,16.9,56.4,55.5,57.3,16.3,15.8,16.8,55.9,55.1,56.7,16.2,15.7,16.7,55,54.1,55.9,16.1,15.5,16.6,54.3,53.3,55.2,15.9,15.4,16.4,53.6,52.6,54.6,15.8,15.3,16.4,53,52,54,15.7,15.2,16.3,52.4,51.4,53.4,15.6,15.1,16.2,51.9,50.8,52.9,15.6,15,16.1,51.4,50.3,52.5,15.5,14.9,16,50.9,49.8,52,15.4,14.8,15.9,50.4,49.2,51.5,15.3,14.8,15.8,49.7,48.5,50.9,15.2,14.7,15.8
Spain,83.1,80.3,85.7,25.4,23.1,27.5,82.7,79.9,85.4,25.1,22.8,27.2,83,80.2,85.7,25.4,23.1,27.5,82.9,80,85.7,25.3,23,27.5,82.4,79.5,85.2,24.9,22.6,27.1,82.4,79.4,85.2,25,22.6,27.1,82.1,79.1,85.1,24.8,22.4,27,81.8,78.8,84.8,24.6,22.2,26.8,81.5,78.4,84.5,24.4,22.1,26.5,81.1,77.9,84.3,24.2,21.7,26.4,81.1,77.8,84.3,24.2,21.8,26.3,80.4,77.1,83.6,23.5,21.1,25.7,80.4,77.1,83.7,23.7,21.3,25.9,79.8,76.5,83.1,23.2,20.8,25.4,79.9,76.5,83.3,23.3,20.9,25.5,79.7,76.3,83.2,23.2,20.7,25.4,79.4,75.9,82.8,22.9,20.5,25.1
Sri Lanka,75.3,72.1,78.5,20.8,19.5,21.9,75.2,72.1,78.3,20.7,19.5,21.8,75.1,72,78.2,20.6,19.4,21.7,75,71.9,78.1,20.5,19.3,21.6,75,71.9,78,20.5,19.2,21.6,74.8,71.6,78,20.3,18.9,21.6,74.7,71.3,78.1,20.2,18.6,21.7,71.9,67.3,76.7,19.9,18.1,21.6,72.2,67.8,77,19.9,18,21.7,73.6,69.8,77.7,20,18.1,21.8,73.8,70,77.8,20.1,18.2,21.9,74.3,70.8,78,20.2,18.4,22,69.2,65.4,73.3,19.5,17.6,21.4,74.1,70.6,77.8,20.5,18.7,22.2,73.9,70.5,77.5,20.3,18.7,22,72.9,69.5,76.5,19.6,18.1,21.1,71.6,68.2,75.2,18.7,17.4,19.9
Sudan,65.1,63.4,66.9,17.9,17.3,18.5,64.8,63.1,66.6,17.9,17.3,18.4,64.6,62.9,66.3,17.9,17.3,18.4,64.3,62.6,66,17.8,17.2,18.4,64,62.3,65.7,17.8,17.2,18.3,63.5,61.8,65.3,17.7,17.1,18.2,63.2,61.5,65,17.6,17,18.1,62.8,61,64.6,17.5,16.9,18,62.5,60.8,64.2,17.4,16.8,17.9,62.1,60.4,63.9,17.3,16.7,17.8,61.6,59.9,63.4,17.2,16.6,17.8,61.3,59.6,63.1,17.2,16.6,17.7,60.2,58.2,62.4,17,16.4,17.6,60,58,62,17,16.4,17.6,59.8,57.9,61.7,16.9,16.3,17.5,59.2,57.3,61.1,16.9,16.3,17.4,58.8,56.9,60.7,16.8,16.2,17.4
Suriname,71.8,68.7,75.1,19.2,17.1,21.2,71.6,68.5,74.8,19.1,17.1,21.1,71.2,68.2,74.5,18.8,16.8,20.8,71.1,68,74.4,18.9,16.9,20.8,71,67.8,74.3,19,17.1,20.8,70.7,67.5,74.1,18.9,17,20.7,70.4,67.2,73.8,18.8,16.9,20.5,70.1,67,73.4,18.6,16.9,20.3,69.8,66.8,73.1,18.5,16.7,20.2,69.6,66.5,72.9,18.3,16.5,20,69.2,66.1,72.6,18,16.2,19.8,68.7,65.5,72.2,17.7,15.9,19.5,68.3,65.2,71.7,17.4,15.7,19.2,67.9,64.9,71.1,17.3,15.7,18.9,67.7,64.9,70.7,17.2,15.7,18.7,67.6,64.9,70.6,17.2,15.7,18.7,67.7,65,70.7,17.3,15.9,18.9
Sweden,82.4,80.6,84.1,24.6,23.2,25.8,82.1,80.3,84,24.4,23,25.7,82.3,80.4,84.1,24.5,23.1,25.9,82.1,80.2,83.8,24.4,22.9,25.7,81.8,80,83.6,24.2,22.7,25.5,81.8,79.8,83.7,24.2,22.6,25.6,81.5,79.5,83.5,23.9,22.3,25.3,81.5,79.4,83.4,23.9,22.4,25.4,81.2,79.2,83.2,23.7,22.1,25.2,81,79,83,23.6,22,25,80.9,78.8,82.9,23.5,21.8,25,80.6,78.4,82.7,23.3,21.5,24.9,80.4,78.3,82.6,23.3,21.6,24.9,80.3,78.1,82.5,23.1,21.2,24.7,80.1,77.9,82.2,22.8,21.1,24.4,80,77.7,82.2,22.8,21,24.4,79.7,77.4,82,22.6,20.7,24.3
Switzerland,83.3,81.2,85.2,25.5,23.8,26.9,83,80.9,84.9,25.2,23.5,26.7,83.3,81.2,85.2,25.5,23.8,27,82.9,80.8,84.9,25.3,23.6,26.7,82.8,80.6,84.8,25.1,23.4,26.6,82.7,80.5,84.8,25.2,23.3,26.7,82.4,80.1,84.5,24.9,23,26.5,82.1,79.8,84.3,24.8,22.9,26.3,82.1,79.7,84.3,24.7,22.8,26.3,81.8,79.3,84.1,24.5,22.5,26.2,81.6,79.1,83.9,24.4,22.4,26.1,81.2,78.6,83.6,24.1,22,25.8,81.1,78.5,83.6,24.1,22.1,25.8,80.6,77.9,83.1,23.6,21.5,25.4,80.5,77.7,83,23.6,21.5,25.4,80.3,77.4,83,23.5,21.2,25.4,79.8,76.9,82.6,23.1,20.9,25
Syrian Arab Republic,63.8,59.4,68.9,18.5,17.5,19.4,63,58.4,68.3,18.4,17.3,19.4,60,54.8,66.2,18.1,17,19.2,61.6,56.7,67.3,18.2,17.1,19.3,65,60.9,69.6,18.4,17.4,19.5,72.7,70.8,74.8,19,18.2,19.9,73.8,72.2,75.4,19.1,18.2,19.9,73.8,72.2,75.5,19.1,18.2,20,73.7,72,75.5,19.1,18.2,20,73.6,71.9,75.5,19.1,18.1,20.1,73.5,71.7,75.5,19.1,18.1,20.2,73.4,71.6,75.4,19,18,20.2,73.3,71.3,75.4,19,17.9,20.2,73.2,71.3,75.4,19,17.9,20.2,73.2,71.2,75.3,18.9,17.8,20.1,73.1,71.1,75.3,18.9,17.8,20.1,73,71,75.2,18.9,17.7,20
Tajikistan,70.8,68.7,73,17.7,16.6,18.9,70.6,68.5,72.8,17.7,16.6,18.8,70.4,68.4,72.6,17.6,16.6,18.8,70.3,68.3,72.4,17.6,16.6,18.7,70.1,68.2,72.2,17.6,16.7,18.7,70,68.1,72,17.6,16.7,18.6,69.7,67.9,71.7,17.6,16.8,18.6,69.7,67.8,71.7,18,17,19,69,67.1,71,17.5,16.7,18.5,68.4,66.6,70.2,17.3,16.7,18,67.9,66,69.9,17.3,16.5,18.1,67.4,65.4,69.5,17.3,16.3,18.3,67.6,65.7,69.6,17.7,16.8,18.4,67,65.2,68.9,17.4,16.4,18.3,66.4,64.5,68.3,17.3,16.5,18.1,66.1,64.1,68.1,17.6,16.4,18.8,65.5,63.4,67.6,17.7,16.8,18.5
Thailand,75.5,71.8,79.3,22.1,20.4,23.6,75.3,71.6,79.1,22,20.3,23.5,75.1,71.4,78.9,21.9,20.2,23.4,74.8,71.1,78.7,21.7,20.1,23.3,74.6,71,78.4,21.6,20,23.1,74.3,70.7,78,21.4,19.9,22.8,74,70.6,77.6,21.2,19.8,22.5,73.7,70.4,77.1,21,19.7,22.3,73.4,70.2,76.7,20.9,19.6,22,73.2,69.9,76.5,20.8,19.5,21.9,72.8,69.6,76.2,20.7,19.4,21.9,72.3,69,75.7,20.6,19.3,21.8,71.4,68,74.9,20.5,19.2,21.7,71.5,68,75,20.5,19.2,21.7,71.2,67.7,74.9,20.4,19.1,21.7,70.9,67.3,74.7,20.4,19.1,21.6,70.6,66.9,74.6,20.4,19.1,21.6
Timor-Leste,68.6,66.8,70.4,17.1,16.2,18,68.3,66.6,70.1,17,16.1,17.9,68,66.4,69.8,17,16.1,17.8,67.8,66.2,69.5,16.9,16.1,17.7,67.6,66.1,69.2,16.9,16.1,17.7,67.4,65.9,68.9,16.9,16.1,17.6,67.1,65.7,68.4,16.8,16.1,17.6,66.6,65.4,67.9,16.8,16.1,17.5,66.1,65,67.2,16.8,16.1,17.5,65.4,64.3,66.4,16.7,16,17.4,64.3,63.3,65.4,16.6,15.9,17.3,63.1,61.9,64.3,16.4,15.6,17.2,61.9,60.5,63.3,16.2,15.4,17,60.8,59.3,62.4,16,15.1,16.8,60.2,58.8,61.7,15.9,15,16.7,59.7,58.3,61,15.8,14.9,16.5,59.1,57.9,60.4,15.7,14.8,16.4
Togo,60.6,59.7,61.5,15.3,14.8,15.7,60.2,59.4,61.1,15.2,14.8,15.6,59.9,59.1,60.7,15.2,14.8,15.6,59.6,58.8,60.4,15.1,14.7,15.5,59.2,58.4,60,15.1,14.7,15.4,58.6,57.8,59.4,14.9,14.5,15.2,57.8,57,58.5,14.6,14.3,15,57,56.2,57.7,14.4,14.1,14.7,56.4,55.6,57.2,14.2,13.9,14.5,56.1,55.3,56.9,14.2,13.9,14.5,55.9,55.1,56.7,14.2,13.9,14.5,55.4,54.5,56.2,14.2,13.8,14.5,55.3,54.4,56.1,14.2,13.8,14.5,55.1,54.2,55.9,14.2,13.8,14.5,55,54.1,55.9,14.2,13.8,14.5,54.9,54,55.9,14.2,13.8,14.5,54.9,53.9,55.9,14.2,13.8,14.5
Tonga,73.4,70.5,76.4,18.9,16.3,21.3,73.3,70.4,76.2,18.8,16.3,21.2,73.1,70.3,76.1,18.7,16.2,21.1,73,70.2,75.9,18.6,16.2,21,72.9,70.1,75.8,18.5,16.1,20.9,72.8,70,75.7,18.5,16.1,20.8,72.7,70,75.6,18.4,16.1,20.7,72.4,69.6,75.3,18.3,16,20.6,72.6,69.9,75.4,18.3,16,20.5,72.5,69.8,75.3,18.2,16,20.4,72.4,69.8,75.1,18.1,15.9,20.3,72.3,69.7,74.9,18.1,15.9,20.2,72.1,69.7,74.7,18,15.9,20.1,72,69.6,74.4,17.9,15.9,19.9,71.8,69.6,74.1,17.8,15.9,19.8,71.6,69.5,73.8,17.8,15.9,19.7,71.5,69.5,73.5,17.7,15.9,19.5
Trinidad and Tobago,71.8,68.2,75.6,19.6,17.8,21.2,71.7,68.2,75.4,19.5,17.8,21.1,71.6,68,75.3,19.4,17.7,21.1,71.4,67.8,75.1,19.3,17.6,21,71.2,67.7,74.9,19.2,17.5,20.9,71.1,67.6,74.7,19.1,17.3,20.8,70.9,67.5,74.5,18.9,17,20.7,71,67.5,74.6,19.2,17.4,21,70.1,66.6,73.8,18.5,16.7,20.2,70.5,67.3,73.9,18.8,17.1,20.3,70.5,67.3,73.8,18.6,16.8,20.3,69.9,66.6,73.4,18.3,16.4,20.1,69.9,66.7,73.3,18.1,16.1,20.1,69.6,66.3,73.1,18,15.9,20,69.7,66.6,73.1,18.1,16.1,20,69.3,66,72.8,18,15.9,20,69.4,66.3,72.7,18,16,19.8
Tunisia,76,74.1,78.1,20.1,18.5,21.6,75.8,73.9,77.8,19.9,18.4,21.4,75.6,73.7,77.6,19.8,18.3,21.3,75.4,73.5,77.5,19.7,18.2,21.2,75.3,73.3,77.4,19.6,18.1,21.2,75.1,73,77.3,19.6,18,21.2,74.9,72.7,77.2,19.5,17.9,21.2,74.7,72.5,77.1,19.5,17.8,21.2,74.6,72.3,77.1,19.4,17.8,21.2,74.4,72.1,77,19.4,17.7,21.2,74.2,71.9,76.8,19.3,17.7,21.2,74.1,71.8,76.7,19.3,17.6,21.2,73.9,71.6,76.5,19.3,17.6,21.1,73.7,71.4,76.2,19.2,17.6,21.1,73.4,71.2,76,19.1,17.5,21,73.2,70.9,75.7,19.1,17.5,20.9,72.8,70.6,75.4,19,17.4,20.8
Turkey,76.4,73.3,79.4,21.2,19.1,23.2,76.1,73,79.2,21.1,19,23,75.9,72.8,78.9,21,18.9,22.9,75.6,72.5,78.7,20.8,18.7,22.8,75.2,72.1,78.4,20.7,18.6,22.6,74.9,71.7,78.1,20.5,18.4,22.5,74.6,71.3,77.8,20.4,18.2,22.4,74.2,71,77.5,20.2,18,22.3,73.8,70.5,77.2,20,17.9,22.1,73.5,70.2,76.9,19.9,17.7,22,73.1,69.8,76.5,19.8,17.6,21.9,72.7,69.5,76.1,19.6,17.5,21.7,72.4,69.2,75.7,19.5,17.4,21.5,72,68.9,75.3,19.4,17.3,21.4,71.7,68.5,75,19.3,17.2,21.3,71.3,68.1,74.7,19.2,17.1,21.2,70.9,67.7,74.3,19.1,17,21.1
Turkmenistan,68.2,64.7,71.7,17.4,15.6,18.8,67.8,64.2,71.3,17.2,15.5,18.7,67.4,63.8,71.2,17.2,15.5,18.8,67.3,63.7,71,17.3,15.6,18.9,67.2,63.8,70.7,17.4,15.8,18.8,66.8,63.3,70.4,17.4,15.7,18.9,66.6,62.8,70.5,17.5,15.7,19.1,66.3,62.5,70.3,17.5,15.7,19.1,65.3,61.5,69.3,16.8,15.2,18.3,65.1,61.1,69.3,16.8,15.1,18.3,65,60.9,69.2,16.8,15,18.4,64.5,60.5,68.7,16.3,14.6,17.8,64.7,60.7,68.8,16.5,14.9,17.9,64.3,60.3,68.5,16.4,14.6,17.9,63.8,59.8,67.9,16.4,14.6,17.9,64,60,68.2,17.2,15.4,18.6,63.5,59.4,67.8,17,15.2,18.5
Uganda,62.5,60.2,64.8,17.1,16.3,17.7,62.1,59.7,64.5,17.1,16.3,17.7,61.3,58.8,63.8,17.1,16.3,17.7,60.5,58.3,62.7,17,16.2,17.7,59.5,57.8,61,16.9,16.2,17.6,58.6,57.1,60.1,16.9,16.1,17.5,57.6,56.1,59.1,16.8,16,17.4,56.6,55.1,58.1,16.7,15.9,17.3,55.4,53.9,56.8,16.6,15.8,17.2,54.5,53,56,16.5,15.7,17.2,53.9,52.2,55.4,16.5,15.7,17.1,52.2,50.4,53.8,16.3,15.5,17,50.3,48.5,52.1,16.1,15.3,16.9,49.2,47.4,50.9,16,15.1,16.8,47.9,46.1,49.8,15.9,15,16.7,46.9,45.1,48.7,15.7,14.8,16.6,45.9,44,47.8,15.6,14.7,16.4
Ukraine,72.5,67.6,77.1,19.1,16.2,21.2,72.1,67.2,76.8,18.9,16,21.1,70.8,65.5,76,18.5,15.7,20.7,71,65.9,75.9,18.4,15.5,20.5,70.7,65.6,75.6,18.2,15.3,20.3,70.6,65.6,75.5,18.1,15.2,20.2,69.9,64.9,74.8,17.5,14.8,19.6,69.3,64.1,74.5,17.5,14.7,19.7,67.8,62.1,73.6,17.3,14.4,19.5,67.4,61.8,73.5,17.1,14.3,19.4,67.6,62.1,73.4,17,14.1,19.1,66.9,61.3,72.9,16.5,13.6,18.8,67.3,61.7,73.1,16.6,13.7,18.9,67.4,62,73.1,16.5,13.7,18.7,67.5,62,73.3,16.7,13.8,18.9,67.7,62.2,73.4,16.8,14,19,67.5,62,73.1,16.7,13.9,18.7
United Arab Emirates,77.2,76.5,78.7,20.2,19.8,21,77,76.4,78.5,20.1,19.7,20.9,76.9,76.2,78.4,20,19.6,20.7,76.8,76.1,78.2,19.9,19.5,20.6,76.6,76,78.1,19.8,19.4,20.5,76.5,75.8,77.9,19.7,19.3,20.3,76.3,75.6,77.7,19.5,19.2,20.2,76.1,75.4,77.6,19.4,19.1,20,75.9,75.2,77.4,19.3,19,19.9,75.7,75,77.2,19.2,18.9,19.8,75.5,74.8,77,19.1,18.8,19.7,75.3,74.6,76.8,19,18.6,19.7,75.1,74.3,76.5,18.9,18.5,19.6,74.8,74,76.3,18.8,18.4,19.5,74.7,73.9,76.1,18.7,18.3,19.4,74.5,73.7,75.9,18.6,18.2,19.3,74.3,73.5,75.7,18.5,18.1,19.1
United Kingdom of Great Britain and Northern Ireland,81.4,79.7,83.2,24.2,23,25.5,81.1,79.3,82.9,24,22.7,25.2,81.4,79.5,83.2,24.3,22.9,25.6,81.2,79.3,83,24.1,22.7,25.3,81.1,79.3,82.9,24,22.7,25.2,81.1,79.1,82.9,24,22.6,25.3,80.6,78.6,82.5,23.7,22.2,25,80.4,78.3,82.4,23.6,22.1,25,79.9,77.8,81.9,23.2,21.7,24.5,79.7,77.6,81.8,23,21.5,24.4,79.5,77.3,81.6,22.9,21.2,24.3,79.1,76.9,81.2,22.5,20.8,23.9,79,76.7,81.1,22.3,20.6,23.8,78.4,76.2,80.6,21.9,20.2,23.4,78.3,75.9,80.6,21.8,20.1,23.4,78.2,75.8,80.5,21.7,19.9,23.3,77.9,75.5,80.2,21.4,19.6,23.1
United Republic of Tanzania,63.9,62,65.8,17.5,16.9,18.1,63.4,61.3,65.4,17.4,16.7,18.1,62.7,60.6,64.7,17.3,16.6,18,61.8,59.8,63.8,17.2,16.5,17.9,60.6,58.8,62.3,17.1,16.3,17.8,60.2,58.6,61.8,17,16.3,17.7,59.4,58.1,60.6,16.9,16.2,17.6,58.5,57.3,59.8,16.8,16.1,17.5,57.9,56.6,59.2,16.7,16,17.4,56.4,55.1,57.7,16.5,15.8,17.2,55.1,53.8,56.4,16.3,15.5,17.1,54.2,52.8,55.6,16.2,15.3,17,53.5,52,55,16,15.2,16.9,52.8,51.2,54.4,15.9,15,16.8,52.1,50.4,53.7,15.8,14.9,16.7,51.4,49.7,53,15.7,14.7,16.6,50.7,49,52.4,15.6,14.6,16.4
United States of America,78.5,76,81,23.3,21.8,24.7,78.6,76.2,81,23.3,21.8,24.6,79,76.6,81.3,23.5,21.9,24.8,78.9,76.6,81.2,23.4,21.9,24.7,79,76.6,81.2,23.4,21.9,24.7,78.8,76.5,81.1,23.3,21.8,24.6,78.7,76.3,81.1,23.2,21.6,24.5,78.6,76.1,81,23.2,21.6,24.5,78.3,75.8,80.7,22.9,21.3,24.2,78.2,75.7,80.6,22.9,21.3,24.2,77.9,75.4,80.4,22.7,21.1,24,77.6,75.1,80.1,22.3,20.7,23.7,77.7,75.1,80.1,22.3,20.7,23.7,77.3,74.7,79.8,22,20.4,23.4,77.1,74.5,79.7,21.9,20.2,23.3,77,74.4,79.6,21.8,20.1,23.3,76.9,74.2,79.5,21.6,19.8,23.1
Uruguay,77.1,73.2,80.8,22.3,19.3,24.8,76.8,73,80.6,22.1,19.1,24.6,76.9,72.9,80.7,22.2,19.1,24.7,76.5,72.5,80.3,21.9,19,24.5,76.2,72.2,80.1,21.6,18.6,24.2,76.3,72.4,80.1,21.7,18.7,24.2,76,72.1,79.9,21.4,18.4,24,76.3,72.3,80.2,21.8,18.7,24.4,76.2,72.3,79.8,21.6,18.7,24.1,75.2,71.3,79,20.7,17.7,23.3,76,72.1,79.8,21.3,18.3,24,75.4,71.7,79,20.9,18.1,23.4,75.1,71.4,78.8,20.7,17.8,23.2,75,71.2,78.7,20.5,17.6,23.2,75,71.2,78.9,20.8,17.9,23.4,74.9,71.1,78.7,20.6,17.7,23.1,74.8,70.8,78.8,20.7,17.8,23.3
Uzbekistan,72.3,69.7,75,18.4,16.7,20,72.1,69.4,74.8,18.3,16.6,19.9,71.9,69.2,74.6,18.4,16.7,19.9,71.6,69,74.3,18.3,16.6,19.8,71.2,68.4,73.9,18,16.3,19.6,71,68.3,73.7,17.9,16.3,19.4,70.9,68.3,73.6,18,16.4,19.5,71,68.3,73.8,18.5,16.8,19.9,70.4,67.7,73.2,18.2,16.6,19.7,69.7,67,72.5,18,16.5,19.5,69.1,66.3,71.9,17.8,16.3,19.2,68.4,65.6,71.3,17.6,16.1,19,68.9,66.1,71.7,18.3,16.8,19.6,68.1,65.4,70.9,17.7,16.3,19,67.7,64.9,70.5,17.7,16.3,18.9,67.8,65,70.7,18.2,16.8,19.4,67.3,64.4,70.2,17.9,16.5,19
Vanuatu,72,70.1,74.1,18.2,17,19.6,71.8,69.9,73.9,18.2,17,19.5,71.5,69.7,73.6,18.1,16.9,19.4,71.6,69.8,73.6,18,16.9,19.3,71.5,69.7,73.5,17.9,16.8,19.2,71.4,69.7,73.3,17.8,16.8,19,71.2,69.6,73.1,17.7,16.7,18.9,71,69.4,72.8,17.6,16.6,18.7,70.8,69.2,72.6,17.5,16.6,18.6,70.5,68.9,72.3,17.4,16.5,18.5,70.2,68.7,72,17.3,16.5,18.4,69.9,68.5,71.7,17.2,16.4,18.3,69.7,68.2,71.5,17.2,16.3,18.2,69.5,68.1,71.2,17.1,16.3,18.1,69.3,67.9,71,17,16.2,18,69.1,67.7,70.8,16.9,16.1,17.9,68.9,67.5,70.6,16.8,16.1,17.9
Venezuela (Bolivarian Republic of),74.1,69.5,79,21.6,19.3,23.8,73.9,69.4,78.9,21.5,19.3,23.7,73.9,69.3,78.8,21.5,19.3,23.7,73.9,69.4,78.8,21.6,19.4,23.7,73.6,69.1,78.6,21.4,19.2,23.6,73.7,69.4,78.3,21.2,19.1,23.3,73.6,69.3,78.3,21.3,19.2,23.3,73.5,68.9,78.6,21.6,19.5,23.7,73.2,68.5,78.3,21.3,19.2,23.4,73.3,68.8,78.3,21.4,19.3,23.5,73.5,69.2,78.1,21.4,19.4,23.4,73.4,69.4,77.8,21.1,19.2,23.1,73,68.9,77.4,20.9,19,22.8,72,67.8,76.6,20.4,18.6,22.2,72.7,68.9,76.8,21,19.2,22.6,72.1,68.2,76.4,20.3,18.5,22,72.2,68.2,76.5,20.3,18.5,22.2
Viet Nam,76.3,71.7,80.9,22.7,19.7,25.1,76.2,71.5,80.7,22.6,19.6,25,76,71.3,80.6,22.5,19.5,24.9,75.8,71.1,80.5,22.4,19.3,24.8,75.7,70.9,80.4,22.3,19.2,24.7,75.5,70.7,80.3,22.2,19.1,24.6,75.4,70.6,80.2,22.1,19,24.6,75.3,70.4,80.1,22,18.9,24.5,75.2,70.2,80.1,21.9,18.8,24.5,75,70,80,21.9,18.8,24.4,74.9,69.9,79.8,21.8,18.7,24.3,74.7,69.8,79.7,21.7,18.7,24.3,74.5,69.6,79.4,21.7,18.6,24.2,74.3,69.4,79.1,21.6,18.6,24.1,73.9,69.1,78.8,21.5,18.5,24,73.6,68.8,78.5,21.4,18.5,23.9,73.3,68.5,78.2,21.3,18.4,23.8
Yemen,65.3,63.9,66.8,16.4,15.5,17.2,64.5,62.8,66.2,16.3,15.4,17.2,65.1,63.7,66.5,16.3,15.5,17.2,65.1,63.8,66.4,16.3,15.5,17.1,64.6,63.1,66.1,16.3,15.4,17.1,64.6,63.2,66.1,16.2,15.4,17,64.5,63.2,65.9,16.2,15.4,17,64.3,63,65.6,16.1,15.3,16.9,64,62.7,65.3,16.1,15.3,16.9,63.7,62.4,65,16,15.3,16.8,63.3,62,64.6,16,15.2,16.8,62.9,61.6,64.2,16,15.2,16.8,62.5,61.2,63.8,16,15.2,16.8,62,60.7,63.3,16,15.2,16.8,61.5,60.3,62.8,15.9,15.1,16.7,61.1,59.8,62.4,15.9,15.1,16.7,60.7,59.5,62,15.9,15.1,16.7
Zambia,62.3,60.2,64.4,17.5,16.6,18.3,61.7,59.8,63.6,17.4,16.5,18.1,61.2,59.3,63.1,17.4,16.5,18.1,60.5,58.5,62.3,17.2,16.4,17.9,59.6,57.7,61.5,17.1,16.3,17.8,58.6,56.7,60.5,16.9,16.1,17.6,57.5,55.7,59.3,16.7,16,17.4,56,54.3,57.6,16.5,15.7,17.1,54,52.7,55.3,16.2,15.4,16.8,51.6,50.5,52.6,15.8,15,16.5,50.1,49.1,51,15.6,14.8,16.3,48.8,47.9,49.7,15.4,14.6,16.1,47.6,46.7,48.4,15.2,14.3,15.9,46.4,45.5,47.2,15,14.1,15.7,45.7,44.8,46.6,14.9,14,15.6,45,44,46.1,14.7,13.8,15.5,44.4,43.2,45.6,14.4,13.5,15.2
Zimbabwe,61.4,59.6,63.1,17.5,16.6,18.1,60.8,59,62.4,17.4,16.6,18,59.9,58.2,61.5,17.3,16.5,17.9,58.6,56.4,60.7,17.1,16.2,17.8,57.3,55,59.5,16.9,16,17.7,55.5,53.6,57.3,16.7,15.7,17.5,52.9,51.5,54.2,16.3,15.3,17.1,50.6,49.4,51.8,15.9,14.7,16.8,48.9,47.6,50,15.5,14.3,16.5,47.4,46.2,48.6,15.2,13.9,16.3,46.3,45.2,47.4,15,13.7,16.1,45.5,44.5,46.5,14.7,13.4,16,45,44.1,45.9,14.6,13.2,15.8,44.9,44,45.9,14.5,13.1,15.8,45,44,46,14.5,13.1,15.8,45.4,44.3,46.5,14.6,13.1,16,45.9,44.6,47.3,14.8,13.3,16.3
